league	club	player	nationality	source
England	Chelsea	Cech	Czech Republic	fifa11
England	Chelsea	Bosingwa	Portugal	fifa11
England	Chelsea	Terry	England	fifa11
England	Chelsea	Ivanovic	Serbia	fifa11
England	Chelsea	A. Cole	England	fifa11
England	Chelsea	Benayoun	Israel	fifa11
England	Chelsea	Essien	Ghana	fifa11
England	Chelsea	Malouda	France	fifa11
England	Chelsea	Lampard	England	fifa11
England	Chelsea	Anelka	France	fifa11
England	Chelsea	Drogba	Ivory Coast	fifa11
England	Chelsea	Hilario	Portugal	fifa11
England	Chelsea	P. Ferreira	Portugal	fifa11
England	Chelsea	Alex	Brazil	fifa11
England	Chelsea	Bruma	Netherlands	fifa11
England	Chelsea	Ramires	Brazil	fifa11
England	Chelsea	Kalou	Ivory Coast	fifa11
England	Chelsea	Mikel	Nigeria	fifa11
England	Chelsea	Zhirkov	Russia	fifa11
England	Chelsea	Sturridge	England	fifa11
England	Man United	Van der Sar	Netherlands	fifa11
England	Man United	Rafael	Brazil	fifa11
England	Man United	Ferdinand	England	fifa11
England	Man United	Vidic	Serbia	fifa11
England	Man United	Evra	France	fifa11
England	Man United	Scholes	England	fifa11
England	Man United	Carrick	England	fifa11
England	Man United	Valencia	Ecuador	fifa11
England	Man United	Rooney	England	fifa11
England	Man United	Nani	Portugal	fifa11
England	Man United	Hernandez	Mexico	fifa11
England	Man United	Park	South Korea	fifa11
England	Man United	Berbatov	Bulgaria	fifa11
England	Man United	Kuszczak	Poland	fifa11
England	Man United	Fabio	Brazil	fifa11
England	Man United	Fletcher	Scotland	fifa11
England	Man United	Giggs	Wales	fifa11
England	Man United	Anderson	Brazil	fifa11
England	Man United	Evans	Northern Ireland	fifa11
England	Man United	Smalling	England	fifa11
England	Arsenal	Szczesny	Poland	fifa11
England	Arsenal	Sagna	France	fifa11
England	Arsenal	Vermaelen	Belgium	fifa11
England	Arsenal	Koscielny	France	fifa11
England	Arsenal	Clichy	France	fifa11
England	Arsenal	Fabregas	Spain	fifa11
England	Arsenal	Rosicky	Czech Republic	fifa11
England	Arsenal	Arshavin	Russia	fifa11
England	Arsenal	Bendtner	Denmark	fifa11
England	Arsenal	Walcott	England	fifa11
England	Arsenal	Van Persie	Netherlands	fifa11
England	Arsenal	Fabianski	Poland	fifa11
England	Arsenal	Squillaci	France	fifa11
England	Arsenal	Ramsey	Wales	fifa11
England	Arsenal	Song	Cameroon	fifa11
England	Arsenal	Denilson	Brazil	fifa11
England	Arsenal	Wilshere	England	fifa11
England	Arsenal	Chamakh	Morocco	fifa11
England	Arsenal	Diaby	France	fifa11
England	Arsenal	Gibbs	England	fifa11
England	Tottenham	Gomes	Brazil	fifa11
England	Tottenham	Corluka	Croatia	fifa11
England	Tottenham	Hutton	Scotland	fifa11
England	Tottenham	Bale	Wales	fifa11
England	Tottenham	Assou-Ekotto	Cameroon	fifa11
England	Tottenham	Palacios	Honduras	fifa11
England	Tottenham	King	England	fifa11
England	Tottenham	Modric	Croatia	fifa11
England	Tottenham	Lennon	England	fifa11
England	Tottenham	Defoe	England	fifa11
England	Tottenham	Pavlyuchenko	Russia	fifa11
England	Tottenham	Cudicini	Italy	fifa11
England	Tottenham	Van der Vaart	Netherlands	fifa11
England	Tottenham	Kaboul	France	fifa11
England	Tottenham	Crouch	England	fifa11
England	Tottenham	Bentley	England	fifa11
England	Tottenham	Huddlestone	England	fifa11
England	Tottenham	Sandro	Brazil	fifa11
England	Tottenham	Rose	England	fifa11
England	Tottenham	Dawson	England	fifa11
England	Man City	Given	Republic of Ireland	fifa11
England	Man City	Boateng	Germany	fifa11
England	Man City	K. Toure	Ivory Coast	fifa11
England	Man City	Lescott	England	fifa11
England	Man City	Zabaleta	Argentina	fifa11
England	Man City	Y. Toure	Ivory Coast	fifa11
England	Man City	Barry	England	fifa11
England	Man City	Wright-Phillips	England	fifa11
England	Man City	Balotelli	Italy	fifa11
England	Man City	Adebayor	Togo	fifa11
England	Man City	Tevez	Argentina	fifa11
England	Man City	Hart	England	fifa11
England	Man City	Kompany	Belgium	fifa11
England	Man City	Kolarov	Serbia	fifa11
England	Man City	Jong	Netherlands	fifa11
England	Man City	Vieira	France	fifa11
England	Man City	Milner	England	fifa11
England	Man City	Johnson	England	fifa11
England	Man City	Silva	Brazil	fifa11
England	Man City	Santa Cruz	Paraguay	fifa11
England	Aston Villa	Friedel	United States	fifa11
England	Aston Villa	Young	England	fifa11
England	Aston Villa	Dunne	Republic of Ireland	fifa11
England	Aston Villa	Cuellar	Spain	fifa11
England	Aston Villa	Warnock	England	fifa11
England	Aston Villa	Albrighton	England	fifa11
England	Aston Villa	Petrov	Bulgaria	fifa11
England	Aston Villa	Reo-Coker	England	fifa11
England	Aston Villa	Downing	England	fifa11
England	Aston Villa	Agbonlahor	England	fifa11
England	Aston Villa	Carew	Norway	fifa11
England	Aston Villa	Guzan	United States	fifa11
England	Aston Villa	Delph	England	fifa11
England	Aston Villa	Clark	England	fifa11
England	Aston Villa	Ireland	Republic of Ireland	fifa11
England	Aston Villa	Heskey	England	fifa11
England	Aston Villa	Davies	England	fifa11
England	Aston Villa	Delfouneso	England	fifa11
England	Aston Villa	Collins	Wales	fifa11
England	Aston Villa	Beye	Senegal	fifa11
England	Liverpool	Reina	Spain	fifa11
England	Liverpool	Johnson	England	fifa11
England	Liverpool	Skrtel	Slovakia	fifa11
England	Liverpool	Carragher	England	fifa11
England	Liverpool	Konchesky	England	fifa11
England	Liverpool	Meireles	Portugal	fifa11
England	Liverpool	Poulsen	Denmark	fifa11
England	Liverpool	Gerrard	England	fifa11
England	Liverpool	Jovanovic	Serbia	fifa11
England	Liverpool	Torres	Spain	fifa11
England	Liverpool	Kuyt	Netherlands	fifa11
England	Liverpool	B. Jones	Australia	fifa11
England	Liverpool	Kyrgiakos	Greece	fifa11
England	Liverpool	Aurelio	Brazil	fifa11
England	Liverpool	Lucas	Brazil	fifa11
England	Liverpool	J. Cole	England	fifa11
England	Liverpool	Babel	Netherlands	fifa11
England	Liverpool	N'Gog	France	manual-audit
England	Liverpool	Rodriguez	Argentina	fifa11
England	Liverpool	Shelvey	England	fifa11
England	Everton	Howard	United States	fifa11
England	Everton	Hibbert	England	fifa11
England	Everton	Anichebe	Nigeria	fifa11
England	Everton	Coleman	Republic of Ireland	fifa11
England	Everton	Baines	England	fifa11
England	Everton	Fellaini	Belgium	fifa11
England	Everton	Arteta	Spain	fifa11
England	Everton	Neville	England	fifa11
England	Everton	Osman	England	fifa11
England	Everton	Cahill	Australia	fifa11
England	Everton	Saha	France	fifa11
England	Everton	Mucha	Slovakia	fifa11
England	Everton	Bilyaletdinov	Russia	fifa11
England	Everton	Distin	France	fifa11
England	Everton	Jagielka	England	fifa11
England	Everton	Heitinga	Netherlands	fifa11
England	Everton	Pienaar	South Africa	fifa11
England	Everton	Rodwell	England	fifa11
England	Everton	Beckford	England	fifa11
England	Everton	Yakubu	Nigeria	fifa11
England	Birmingham	Foster	England	fifa11
England	Birmingham	Carr	Republic of Ireland	fifa11
England	Birmingham	R. Johnson	England	fifa11
England	Birmingham	Parnaby	England	fifa11
England	Birmingham	Larsson	Sweden	fifa11
England	Birmingham	Dann	England	fifa11
England	Birmingham	Bowyer	England	fifa11
England	Birmingham	Ferguson	South Korea	fifa11
England	Birmingham	McFadden	Scotland	fifa11
England	Birmingham	Jerome	England	fifa11
England	Birmingham	Zigic	Serbia	fifa11
England	Birmingham	Doyle	Republic of Ireland	fifa11
England	Birmingham	Ridgewell	England	fifa11
England	Birmingham	Hleb	Belarus	fifa11
England	Birmingham	Beausejour	Chile	fifa11
England	Birmingham	Murphy	England	fifa11
England	Birmingham	Fahey	Republic of Ireland	fifa11
England	Birmingham	Derbyshire	England	fifa11
England	Birmingham	Phillips	England	fifa11
England	Birmingham	C. Gardner	England	fifa11
England	Blackburn	Robinson	England	fifa11
England	Blackburn	Emerton	Australia	fifa11
England	Blackburn	Nelsen	New Zealand	fifa11
England	Blackburn	Givet	France	fifa11
England	Blackburn	Salgado	Spain	fifa11
England	Blackburn	N'Zonzi	France	manual-audit
England	Blackburn	Andrews	Republic of Ireland	fifa11
England	Blackburn	Diouf	Senegal	fifa11
England	Blackburn	Pedersen	Norway	fifa11
England	Blackburn	Roberts	Grenada	fifa11
England	Blackburn	Kalinic	Croatia	fifa11
England	Blackburn	Brown	Wales	fifa11
England	Blackburn	Samba	Congo	fifa11
England	Blackburn	P. Jones	England	fifa11
England	Blackburn	Hoilett	Canada	fifa11
England	Blackburn	Grella	Australia	fifa11
England	Blackburn	Benjani	Zimbabwe	manual-audit
England	Blackburn	Dunn	England	fifa11
England	Blackburn	M. Diouf	Senegal	fifa11
England	Blackburn	Olsson	Sweden	fifa11
England	Stoke City	Sorensen	Turkey	fifa11
England	Stoke City	Huth	Germany	fifa11
England	Stoke City	Higginbotham	England	fifa11
England	Stoke City	Shawcross	England	fifa11
England	Stoke City	Faye	Senegal	fifa11
England	Stoke City	Delap	Republic of Ireland	fifa11
England	Stoke City	Whelan	Republic of Ireland	fifa11
England	Stoke City	Wilson	Republic of Ireland	fifa11
England	Stoke City	Etherington	England	fifa11
England	Stoke City	Fuller	Jamaica	fifa11
England	Stoke City	K. Jones	Trinidad & Tobago	fifa11
England	Stoke City	Begovic	Bosnia & Herzegovina	fifa11
England	Stoke City	Tuncay	Turkey	fifa11
England	Stoke City	Pennant	England	fifa11
England	Stoke City	Wilkinson	England	fifa11
England	Stoke City	Tonge	England	fifa11
England	Stoke City	Walters	Republic of Ireland	fifa11
England	Stoke City	Gudjohnsen	Iceland	fifa11
England	Stoke City	Diao	Senegal	fifa11
England	Stoke City	Whitehead	England	fifa11
England	Fulham	Schwarzer	Australia	fifa11
England	Fulham	Salcido	Mexico	fifa11
England	Fulham	Pantsil	South Korea	fifa11
England	Fulham	Hughes	Northern Ireland	fifa11
England	Fulham	Senderos	Switzerland	fifa11
England	Fulham	Dempsey	United States	fifa11
England	Fulham	Etuhu	Nigeria	fifa11
England	Fulham	Gera	Hungary	fifa11
England	Fulham	Murphy	England	fifa11
England	Fulham	Zamora	England	fifa11
England	Fulham	Johnson	England	fifa11
England	Fulham	Hangeland	Norway	fifa11
England	Fulham	Stockdale	England	fifa11
England	Fulham	Kamara	Senegal	fifa11
England	Fulham	Dembele	Belgium	fifa11
England	Fulham	Davies	Wales	fifa11
England	Fulham	Greening	England	fifa11
England	Fulham	Duff	Republic of Ireland	fifa11
England	Fulham	Baird	Northern Ireland	fifa11
England	Fulham	Kelly	Republic of Ireland	fifa11
England	Sunderland	Mignolet	Belgium	fifa11
England	Sunderland	Bardsley	England	fifa11
England	Sunderland	Ferdinand	England	fifa11
England	Sunderland	Da Silva	Paraguay	fifa11
England	Sunderland	Angeleri	Argentina	fifa11
England	Sunderland	Reid	Republic of Ireland	fifa11
England	Sunderland	Henderson	England	fifa11
England	Sunderland	Richardson	England	fifa11
England	Sunderland	Malbranque	France	fifa11
England	Sunderland	Bent	England	fifa11
England	Sunderland	Gyan	Ghana	fifa11
England	Sunderland	Gordon	Scotland	fifa11
England	Sunderland	Onuoha	England	fifa11
England	Sunderland	Bramble	England	fifa11
England	Sunderland	Riveros	Paraguay	fifa11
England	Sunderland	Cattermole	England	fifa11
England	Sunderland	Zenden	Netherlands	fifa11
England	Sunderland	Welbeck	England	fifa11
England	Sunderland	Elmohamady	Egypt	fifa11
England	Sunderland	Mensah	Ghana	fifa11
England	Bolton	Jaaskelainen	Finland	fifa11
England	Bolton	Ricketts	Wales	fifa11
England	Bolton	Cahill	England	fifa11
England	Bolton	Knight	England	fifa11
England	Bolton	Samuel	Trinidad & Tobago	fifa11
England	Bolton	M. Davies	England	fifa11
England	Bolton	Muamba	England	fifa11
England	Bolton	Gardner	Jamaica	fifa11
England	Bolton	Taylor	England	fifa11
England	Bolton	K. Davies	England	fifa11
England	Bolton	Elmander	Sweden	fifa11
England	Bolton	Bogdan	Hungary	fifa11
England	Bolton	P. Robinson	England	fifa11
England	Bolton	Cohen	Israel	fifa11
England	Bolton	Steinsson	Iceland	fifa11
England	Bolton	Petrov	Bulgaria	fifa11
England	Bolton	Lee Chung-yong	South Korea	fifa11
England	Bolton	Holden	United States	fifa11
England	Bolton	Klasnic	Croatia	fifa11
England	Bolton	Blake	England	fifa11
England	Wolves	Hennessey	Wales	fifa11
England	Wolves	Foley	Republic of Ireland	fifa11
England	Wolves	Stearman	England	fifa11
England	Wolves	Zubar	France	fifa11
England	Wolves	Elokobi	Cameroon	fifa11
England	Wolves	Kightly	England	fifa11
England	Wolves	Henry	England	fifa11
England	Wolves	Milijas	Serbia	fifa11
England	Wolves	Edwards	Wales	fifa11
England	Wolves	Ebanks-Blake	England	fifa11
England	Wolves	Doyle	United States	fifa11
England	Wolves	Ikeme	England	fifa11
England	Wolves	Mouyokolo	France	fifa11
England	Wolves	Van Damme	Belgium	fifa11
England	Wolves	Fletcher	Wales	fifa11
England	Wolves	Hunt	Republic of Ireland	fifa11
England	Wolves	Keogh	Republic of Ireland	fifa11
England	Wolves	Ward	England	fifa11
England	Wolves	Jarvis	England	fifa11
England	Wolves	Vokes	Wales	fifa11
England	Wigan	Kirkland	England	fifa11
England	Wigan	Stam	Netherlands	fifa11
England	Wigan	Gohouri	Ivory Coast	fifa11
England	Wigan	Boyce	Barbados	fifa11
England	Wigan	Figueroa	Honduras	fifa11
England	Wigan	Diame	France	fifa11
England	Wigan	Thomas	Honduras	fifa11
England	Wigan	McCarthy	Republic of Ireland	fifa11
England	Wigan	Boselli	Argentina	fifa11
England	Wigan	J. Gomez	Spain	fifa11
England	Wigan	Rodallega	Colombia	fifa11
England	Wigan	Al-Habsi	Oman	fifa11
England	Wigan	Caldwell	Scotland	fifa11
England	Wigan	Moses	England	fifa11
England	Wigan	Alcaraz	Paraguay	fifa11
England	Wigan	McArthur	Scotland	fifa11
England	Wigan	Cleverley	England	fifa11
England	Wigan	N'Zogbia	Belgium	fifa11
England	Wigan	Watson	England	fifa11
England	Wigan	Di Santo	Argentina	fifa11
England	West Ham	Green	England	fifa11
England	West Ham	Faubert	France	fifa11
England	West Ham	Upson	England	fifa11
England	West Ham	Da Costa	Portugal	fifa11
England	West Ham	Ilunga	DR Congo	fifa11
England	West Ham	Stanislas	England	fifa11
England	West Ham	Parker	England	fifa11
England	West Ham	Barrera	Mexico	fifa11
England	West Ham	Hitzlsperger	Germany	fifa11
England	West Ham	Obinna	Nigeria	fifa11
England	West Ham	Cole	England	fifa11
England	West Ham	Stech	Czech Republic	fifa11
England	West Ham	Tomkins	England	fifa11
England	West Ham	Reid	New Zealand	fifa11
England	West Ham	Noble	England	fifa11
England	West Ham	Spector	United States	fifa11
England	West Ham	Piquionne	France	fifa11
England	West Ham	Boa Morte	Portugal	fifa11
England	West Ham	Collison	Wales	fifa11
England	West Ham	Behrami	Switzerland	fifa11
England	Newcastle	Harper	England	fifa11
England	Newcastle	Simpson	England	fifa11
England	Newcastle	Enrique	Spain	fifa11
England	Newcastle	Coloccini	Argentina	fifa11
England	Newcastle	Williamson	England	fifa11
England	Newcastle	Nolan	England	fifa11
England	Newcastle	Tiote	Ivory Coast	fifa11
England	Newcastle	Barton	England	fifa11
England	Newcastle	Best	Republic of Ireland	fifa11
England	Newcastle	Smith	England	fifa11
England	Newcastle	Lovenkrands	Denmark	manual-audit
England	Newcastle	Krul	Netherlands	fifa11
England	Newcastle	Taylor	England	fifa11
England	Newcastle	Guthrie	England	fifa11
England	Newcastle	Routledge	England	fifa11
England	Newcastle	Perch	England	fifa11
England	Newcastle	Arfa	France	fifa11
England	Newcastle	Carroll	England	fifa11
England	Newcastle	Gutierrez	Argentina	fifa11
England	Newcastle	Ameobi	England	fifa11
England	West Brom	Carson	England	fifa11
England	West Brom	Mattock	England	fifa11
England	West Brom	Olsson	Sweden	fifa11
England	West Brom	Cech	Slovakia	fifa11
England	West Brom	Jara	Chile	fifa11
England	West Brom	Scharner	Austria	fifa11
England	West Brom	Brunt	Northern Ireland	fifa11
England	West Brom	Dorrans	Scotland	fifa11
England	West Brom	Morrison	Scotland	fifa11
England	West Brom	Bednar	Czech Republic	fifa11
England	West Brom	Odemwingie	Nigeria	fifa11
England	West Brom	Myhill	Wales	fifa11
England	West Brom	Ibanez	Mexico	fifa11
England	West Brom	Zuiverloon	Netherlands	fifa11
England	West Brom	Tamas	Romania	fifa11
England	West Brom	Mulumbu	DR Congo	fifa11
England	West Brom	Shorey	England	fifa11
England	West Brom	Thomas	England	fifa11
England	West Brom	Tchoyi	Cameroon	fifa11
England	West Brom	Reid	Republic of Ireland	fifa11
England	Blackpool	Kingson	South Korea	fifa11
England	Blackpool	Cathcart	Northern Ireland	fifa11
England	Blackpool	Eardley	Wales	fifa11
England	Blackpool	Crainey	Scotland	fifa11
England	Blackpool	Evatt	England	fifa11
England	Blackpool	Vaughan	Wales	fifa11
England	Blackpool	Varney	England	fifa11
England	Blackpool	Adam	Scotland	fifa11
England	Blackpool	Baptiste	England	fifa11
England	Blackpool	Harewood	England	fifa11
England	Blackpool	Gilks	Scotland	fifa11
England	Blackpool	Grandin	France	fifa11
England	Blackpool	Campbell	England	fifa11
England	Blackpool	Keinan	Israel	fifa11
England	Blackpool	Ormerod	England	fifa11
England	Blackpool	Taylor-Fletcher	England	fifa11
England	Blackpool	Sylvestre	France	fifa11
England	Blackpool	Carney	Australia	fifa11
England	Blackpool	Southern	England	fifa11
England	Blackpool	Basham	England	fifa11
England	Chelsea	Turnbull	England	fifa11
England	Chelsea	Van Aanholt	Netherlands	fifa11
England	Chelsea	McEachran	England	fifa11
England	Chelsea	Kakuta	France	fifa11
England	Man United	O'Shea	United States	fifa11
England	Man United	Brown	England	fifa11
England	Man United	Gibson	Republic of Ireland	fifa11
England	Man United	Owen	England	fifa11
England	Man United	Bebe	Portugal	fifa11
England	Arsenal	Almunia	Spain	fifa11
England	Arsenal	Djourou	Switzerland	fifa11
England	Arsenal	Eboue	Ivory Coast	fifa11
England	Arsenal	Vela	Mexico	fifa11
England	Arsenal	Mannone	Italy	fifa11
England	Tottenham	Bassong	Cameroon	fifa11
England	Tottenham	Jenas	England	fifa11
England	Tottenham	Kranjcar	Croatia	fifa11
England	Tottenham	Keane	Republic of Ireland	fifa11
England	Tottenham	Woodgate	England	fifa11
England	Man City	Richards	England	fifa11
England	Man City	Bridge	England	fifa11
England	Man City	Boyata	Belgium	fifa11
England	Man City	Jo	Brazil	fifa11
England	Man City	Taylor	England	fifa11
England	Aston Villa	Luke Young	England	fifa11
England	Aston Villa	Bannan	Scotland	fifa11
England	Aston Villa	Lichaj	United States	fifa11
England	Aston Villa	Osbourne	England	fifa11
England	Liverpool	Agger	Denmark	fifa11
England	Liverpool	Kelly	England	fifa11
England	Liverpool	Spearing	England	fifa11
England	Liverpool	Pacheco	Spain	fifa11
England	Liverpool	Darby	England	fifa11
England	Everton	Baxter	England	fifa11
England	Everton	Gueye	France	fifa11
England	Everton	Duffy	Republic of Ireland	fifa11
England	Everton	Turner	Scotland	fifa11
England	Birmingham	Jiranek	Czech Republic	fifa11
England	Birmingham	Michel	Spain	fifa11
England	Birmingham	Valles	Spain	manual-audit
England	Blackburn	Bunn	England	fifa11
England	Blackburn	Chimbonda	France	fifa11
England	Blackburn	Hanley	Scotland	fifa11
England	Blackburn	Linganzi	Algeria	fifa11
England	Stoke City	Collins	Wales	fifa11
England	Stoke City	Sidibe	Mali	fifa11
England	Stoke City	Nash	England	fifa11
England	Stoke City	Shotton	England	fifa11
England	Fulham	Halliche	Algeria	fifa11
England	Fulham	Briggs	England	manual-audit
England	Fulham	Dikgacoi	South Africa	fifa11
England	Fulham	E. Johnson	England	fifa11
England	Sunderland	Turner	England	fifa11
England	Sunderland	Campbell	England	fifa11
England	Sunderland	Meyler	Republic of Ireland	fifa11
England	Sunderland	Healy	Northern Ireland	fifa11
England	Bolton	O'Brien	Ireland	manual-audit
England	Bolton	M. Alonso	Spain	fifa11
England	Bolton	Ward	England	fifa11
England	Bolton	S. Davis	England	fifa11
England	Wolves	Berra	Scotland	fifa11
England	Wolves	Craddock	England	fifa11
England	Wolves	Guedioura	Algeria	fifa11
England	Wolves	D. Jones	England	fifa11
England	Wolves	Mancienne	England	fifa11
England	Wigan	Pollitt	England	fifa11
England	Wigan	S. Caldwell	Scotland	fifa11
England	Wigan	McManaman	Belgium	fifa11
England	West Ham	Gabbidon	Wales	fifa11
England	West Ham	Dyer	England	fifa11
England	West Ham	McCarthy	South Africa	fifa11
England	West Ham	Jacobsen	Denmark	fifa11
England	West Ham	Kurucz	Hungary	fifa11
England	Newcastle	R. Taylor	England	fifa11
England	Newcastle	S. Campbell	England	fifa11
England	Newcastle	Gosling	England	fifa11
England	Newcastle	Vuckic	Slovenia	fifa11
England	Newcastle	Ranger	England	fifa11
England	West Brom	Cox	England	fifa11
England	West Brom	Fortune	France	fifa11
England	West Brom	Meite	Ivory Coast	fifa11
England	West Brom	Barnes	England	fifa11
England	Blackpool	Rachubka	United States	fifa11
England	Blackpool	R. Edwards	Wales	fifa11
England	Blackpool	M. Phillips	England	fifa11
England	Blackpool	B. Clarke	Republic of Ireland	fifa11
Spain	Barcelona	Valdes	Spain	fifa11
Spain	Barcelona	Alves	Brazil	fifa11
Spain	Barcelona	Puyol	Spain	fifa11
Spain	Barcelona	Pique	Spain	fifa11
Spain	Barcelona	Abidal	France	fifa11
Spain	Barcelona	Iniesta	Spain	fifa11
Spain	Barcelona	Xavi	Spain	fifa11
Spain	Barcelona	Messi	Argentina	fifa11
Spain	Barcelona	Villa	Spain	fifa11
Spain	Barcelona	Mascherano	Brazil	fifa11
Spain	Barcelona	Jeffren	Spain	fifa11
Spain	Barcelona	Busquets	Spain	fifa11
Spain	Barcelona	Pinto	Spain	fifa11
Spain	Barcelona	Maxwell	Brazil	fifa11
Spain	Barcelona	Milito	Argentina	fifa11
Spain	Barcelona	Pedro	Spain	fifa11
Spain	Barcelona	Keita	Mali	fifa11
Spain	Barcelona	Thiago	Spain	fifa11
Spain	Barcelona	Bojan	Spain	fifa11
Spain	Barcelona	Adriano	Brazil	fifa11
Spain	Real Madrid	Casillas	Spain	fifa11
Spain	Real Madrid	Ramos	Spain	fifa11
Spain	Real Madrid	Albiol	Spain	fifa11
Spain	Real Madrid	Pepe	Portugal	fifa11
Spain	Real Madrid	Marcelo	Brazil	fifa11
Spain	Real Madrid	Xabi Alonso	Spain	fifa11
Spain	Real Madrid	Di Maria	Argentina	fifa11
Spain	Real Madrid	Ronaldo	Portugal	fifa11
Spain	Real Madrid	Kaka	Brazil	fifa11
Spain	Real Madrid	Benzema	France	fifa11
Spain	Real Madrid	Higuain	Argentina	fifa11
Spain	Real Madrid	Dudek	Poland	fifa11
Spain	Real Madrid	Arbeloa	Spain	fifa11
Spain	Real Madrid	P. Leon	Spain	fifa11
Spain	Real Madrid	Garay	Argentina	fifa11
Spain	Real Madrid	Lass	France	manual-audit
Spain	Real Madrid	Ozil	Germany	fifa11
Spain	Real Madrid	Khedira	Germany	fifa11
Spain	Real Madrid	Carvalho	Portugal	fifa11
Spain	Real Madrid	Canales	Spain	fifa11
Spain	Sevilla	Palop	Spain	fifa11
Spain	Sevilla	Navarro	Spain	fifa11
Spain	Sevilla	Dabo	France	fifa11
Spain	Sevilla	Caceres	Uruguay	fifa11
Spain	Sevilla	Escude	France	fifa11
Spain	Sevilla	Zokora	Ivory Coast	fifa11
Spain	Sevilla	Renato	Brazil	fifa11
Spain	Sevilla	Perotti	Argentina	fifa11
Spain	Sevilla	Navas	Spain	fifa11
Spain	Sevilla	Kanoute	Mali	fifa11
Spain	Sevilla	Luis Fabiano	Brazil	fifa11
Spain	Sevilla	Varas	Spain	fifa11
Spain	Sevilla	Konko	France	fifa11
Spain	Sevilla	Fazio	Argentina	fifa11
Spain	Sevilla	Guarente	Italy	fifa11
Spain	Sevilla	Capel	Spain	fifa11
Spain	Sevilla	Negredo	Spain	fifa11
Spain	Sevilla	Cigarini	Italy	fifa11
Spain	Sevilla	Rodri	Spain	fifa11
Spain	Sevilla	Romaric	Ivory Coast	fifa11
Spain	Atl. Madrid	De Gea	Spain	fifa11
Spain	Atl. Madrid	Perea	Colombia	fifa11
Spain	Atl. Madrid	Dominguez	Spain	fifa11
Spain	Atl. Madrid	Ujfalusi	Czech Republic	fifa11
Spain	Atl. Madrid	Lopez	Spain	fifa11
Spain	Atl. Madrid	Assuncao	Brazil	fifa11
Spain	Atl. Madrid	Reyes	Spain	fifa11
Spain	Atl. Madrid	Forlan	Uruguay	fifa11
Spain	Atl. Madrid	Aguero	Argentina	fifa11
Spain	Atl. Madrid	D. Costa	Brazil	fifa11
Spain	Atl. Madrid	Salvio	Argentina	fifa11
Spain	Atl. Madrid	Simao	Portugal	fifa11
Spain	Atl. Madrid	Koke	Spain	fifa11
Spain	Atl. Madrid	Asenjo	Spain	fifa11
Spain	Atl. Madrid	Filipe Luis	Brazil	fifa11
Spain	Atl. Madrid	Tiago	Portugal	fifa11
Spain	Atl. Madrid	Camacho	Spain	fifa11
Spain	Atl. Madrid	Suarez	Spain	fifa11
Spain	Atl. Madrid	Godin	Uruguay	fifa11
Spain	Atl. Madrid	Valera	Spain	fifa11
Spain	Villarreal	Lopez	Spain	fifa11
Spain	Villarreal	Angel	Spain	fifa11
Spain	Villarreal	Marchena	Spain	fifa11
Spain	Villarreal	Gonzalo	Spain	fifa11
Spain	Villarreal	Capdevila	Spain	fifa11
Spain	Villarreal	Senna	Spain	fifa11
Spain	Villarreal	Valero	Spain	fifa11
Spain	Villarreal	Cazorla	Spain	fifa11
Spain	Villarreal	Cani	Spain	fifa11
Spain	Villarreal	Nilmar	Brazil	fifa11
Spain	Villarreal	Rossi	Italy	fifa11
Spain	Villarreal	Oliva	Spain	fifa11
Spain	Villarreal	Musacchio	Argentina	fifa11
Spain	Villarreal	Bruno	Spain	fifa11
Spain	Villarreal	Kiko	Spain	fifa11
Spain	Villarreal	Catala	Spain	fifa11
Spain	Villarreal	Matilla	Spain	fifa11
Spain	Villarreal	M. Gaspar	Spain	fifa11
Spain	Villarreal	Montero	Ecuador	fifa11
Spain	Villarreal	Ruben	Argentina	fifa11
Spain	Valencia	Cesar	Spain	fifa11
Spain	Valencia	Albelda	Spain	fifa11
Spain	Valencia	J. Alba	Spain	fifa11
Spain	Valencia	R. Costa	Portugal	fifa11
Spain	Valencia	Mathieu	France	fifa11
Spain	Valencia	Topal	Turkey	fifa11
Spain	Valencia	Banega	Argentina	fifa11
Spain	Valencia	Hernandez	Spain	fifa11
Spain	Valencia	Mata	Spain	fifa11
Spain	Valencia	Aduriz	Spain	fifa11
Spain	Valencia	Soldado	Spain	fifa11
Spain	Valencia	Moya	Spain	fifa11
Spain	Valencia	Dealbert	Spain	fifa11
Spain	Valencia	Miguel	Portugal	fifa11
Spain	Valencia	Maduro	Netherlands	fifa11
Spain	Valencia	Vicente	Spain	fifa11
Spain	Valencia	Joaquin	Spain	fifa11
Spain	Valencia	Feghouli	France	fifa11
Spain	Valencia	T. Costa	Argentina	fifa11
Spain	Valencia	Guaita	Spain	fifa11
Spain	Deportivo	Aranzubia	Spain	fifa11
Spain	Deportivo	Morel	France	fifa11
Spain	Deportivo	Castro	Portugal	fifa11
Spain	Deportivo	Lopo	Spain	fifa11
Spain	Deportivo	Aythami	Spain	fifa11
Spain	Deportivo	Guardado	Mexico	fifa11
Spain	Deportivo	Rodriguez	Spain	fifa11
Spain	Deportivo	Perez	Spain	fifa11
Spain	Deportivo	Valeron	Spain	fifa11
Spain	Deportivo	Adrian	Spain	fifa11
Spain	Deportivo	Riki	Spain	fifa11
Spain	Deportivo	Manu	Spain	fifa11
Spain	Deportivo	Colotto	Argentina	fifa11
Spain	Deportivo	Michel	Spain	fifa11
Spain	Deportivo	Juca	Brazil	fifa11
Spain	Deportivo	Urreta	Uruguay	manual-audit
Spain	Deportivo	Desmarets	France	fifa11
Spain	Deportivo	Tomas	Spain	fifa11
Spain	Deportivo	Saul	Spain	fifa11
Spain	Deportivo	Lassad	Tunisia	fifa11
Spain	Levante	Munua	Uruguay	fifa11
Spain	Malaga	Gamez	Spain	fifa11
Spain	Malaga	Kris	Brazil	manual-audit
Spain	Malaga	Weligton	Brazil	fifa11
Spain	Malaga	Mtiliga	Denmark	fifa11
Spain	Malaga	Apono	Spain	fifa11
Spain	Malaga	Torres	Spain	fifa11
Spain	Malaga	Valdo	Spain	fifa11
Spain	Malaga	Lolo	Spain	fifa11
Spain	Malaga	Baha	Morocco	fifa11
Spain	Malaga	Silva	Brazil	fifa11
Spain	Malaga	Arnau	Spain	fifa11
Spain	Malaga	Rondon	Venezuela	fifa11
Spain	Malaga	Eliseu	Portugal	fifa11
Spain	Malaga	Cuadrado	Spain	fifa11
Spain	Malaga	Quincy	Ghana	manual-audit
Spain	Malaga	Fernando	Spain	fifa11
Spain	Malaga	Juanito	Spain	fifa11
Spain	Malaga	Fernandez	Netherlands	fifa11
Spain	Malaga	Pablo	Spain	fifa11
Spain	Mallorca	Aouate	Israel	fifa11
Spain	Mallorca	Ximo	Brazil	fifa11
Spain	Mallorca	Ramis	Spain	fifa11
Spain	Mallorca	Nunes	Portugal	fifa11
Spain	Mallorca	Josemi	Spain	manual-audit
Spain	Mallorca	Marti	Spain	fifa11
Spain	Mallorca	Ayoze	Spain	fifa11
Spain	Mallorca	Castro	Uruguay	fifa11
Spain	Mallorca	Webo	Cameroon	fifa11
Spain	Mallorca	Cavenaghi	Argentina	fifa11
Spain	Mallorca	Corrales	Spain	fifa11
Spain	Mallorca	Lux	Argentina	fifa11
Spain	Mallorca	Nadal	Spain	fifa11
Spain	Mallorca	Alvarez	Honduras	fifa11
Spain	Mallorca	K. Garcia	Argentina	fifa11
Spain	Mallorca	Tuni	Spain	fifa11
Spain	Mallorca	De Guzman	Netherlands	fifa11
Spain	Mallorca	Victor	Spain	fifa11
Spain	Mallorca	Nsue	Spain	fifa11
Spain	Mallorca	Varela	Portugal	fifa11
Spain	Espanyol	Kameni	Cameroon	fifa11
Spain	Espanyol	J. Lopez	Spain	fifa11
Spain	Espanyol	Ruiz	Spain	fifa11
Spain	Espanyol	Forlin	Argentina	fifa11
Spain	Espanyol	Amat	Spain	fifa11
Spain	Espanyol	Baena	Spain	fifa11
Spain	Espanyol	J. Marquez	Spain	fifa11
Spain	Espanyol	Garcia	Spain	fifa11
Spain	Espanyol	S. Garcia	Spain	fifa11
Spain	Espanyol	Alonso	Uruguay	fifa11
Spain	Espanyol	Osvaldo	Italy	fifa11
Spain	Espanyol	Alvarez	Argentina	fifa11
Spain	Espanyol	Chica	Spain	fifa11
Spain	Espanyol	Verdu	Spain	fifa11
Spain	Espanyol	Vazquez	Spain	fifa11
Spain	Espanyol	Marquez	Spain	fifa11
Spain	Espanyol	Silva	Brazil	fifa11
Spain	Espanyol	Vila	Spain	fifa11
Spain	Espanyol	Sanchez	Spain	fifa11
Spain	Espanyol	Callejon	Spain	fifa11
Spain	Almeria	Alves	Brazil	fifa11
Spain	Almeria	Michel	Brazil	fifa11
Spain	Almeria	M. Silva	Uruguay	fifa11
Spain	Almeria	Pellerano	Argentina	fifa11
Spain	Almeria	Jakobsen	Denmark	fifa11
Spain	Almeria	Vargas	Colombia	fifa11
Spain	Almeria	Ortiz	Spain	fifa11
Spain	Almeria	Corona	Spain	fifa11
Spain	Almeria	Crusat	Spain	fifa11
Spain	Almeria	Uche	Nigeria	fifa11
Spain	Almeria	Piatti	Argentina	fifa11
Spain	Almeria	Esteban	Spain	fifa11
Spain	Almeria	C. Garcia	Spain	fifa11
Spain	Almeria	Acasiete	Peru	fifa11
Spain	Almeria	Soriano	Italy	fifa11
Spain	Almeria	Nieto	Spain	fifa11
Spain	Almeria	Goitom	Sweden	fifa11
Spain	Almeria	Ulloa	Argentina	fifa11
Spain	Almeria	M'Bami	Zimbabwe	fifa11
Spain	Almeria	Bernardello	Argentina	fifa11
Spain	Racing	Tono	Spain	fifa11
Spain	Racing	Francis	Spain	fifa11
Spain	Racing	Henrique	Brazil	fifa11
Spain	Racing	Torrejon	Spain	fifa11
Spain	Racing	Cisma	Spain	fifa11
Spain	Racing	Munitis	Spain	fifa11
Spain	Racing	Lacen	Algeria	fifa11
Spain	Racing	Colsa	Spain	fifa11
Spain	Racing	Serrano	Spain	fifa11
Spain	Racing	Bakircioglu	Sweden	manual-audit
Spain	Racing	Rosenberg	Sweden	fifa11
Spain	Racing	Coltorti	Switzerland	fifa11
Spain	Racing	Pinillos	Spain	fifa11
Spain	Racing	Osmar	Spain	fifa11
Spain	Racing	Adrian	Spain	fifa11
Spain	Racing	Arana	Spain	fifa11
Spain	Racing	Diop	Senegal	fifa11
Spain	Racing	Bolado	Spain	fifa11
Spain	Racing	Cristian	Spain	fifa11
Spain	Racing	Nahuelpan	Argentina	fifa11
Spain	Ath. Bilbao	Iraizoz	Spain	fifa11
Spain	Ath. Bilbao	Iraola	Spain	fifa11
Spain	Ath. Bilbao	Amorebieta	Spain	fifa11
Spain	Ath. Bilbao	Ocio	Spain	fifa11
Spain	Ath. Bilbao	Castillo	Spain	fifa11
Spain	Ath. Bilbao	Muniain	Spain	fifa11
Spain	Ath. Bilbao	Martinez	Uruguay	fifa11
Spain	Ath. Bilbao	Orbaiz	Spain	fifa11
Spain	Ath. Bilbao	Gurpegui	Spain	manual-audit
Spain	Ath. Bilbao	Toquero	Spain	fifa11
Spain	Ath. Bilbao	Llorente	Spain	fifa11
Spain	Ath. Bilbao	R. Fernandez	France	fifa11
Spain	Ath. Bilbao	Koikili	Spain	fifa11
Spain	Ath. Bilbao	Ustaritz	Spain	fifa11
Spain	Ath. Bilbao	Susaeta	Spain	fifa11
Spain	Ath. Bilbao	Jose	Spain	fifa11
Spain	Ath. Bilbao	Gabilondo	Spain	fifa11
Spain	Ath. Bilbao	De Marcos	Spain	fifa11
Spain	Ath. Bilbao	Gomez	Argentina	fifa11
Spain	Ath. Bilbao	Lopez	Spain	fifa11
Spain	Sporting	Pablo	Spain	fifa11
Spain	Sporting	Lora	Spain	fifa11
Spain	Sporting	Botia	Spain	fifa11
Spain	Sporting	Gregory	France	fifa11
Spain	Sporting	Canella	Spain	fifa11
Spain	Sporting	Cases	Spain	manual-audit
Spain	Sporting	Eguren	Uruguay	fifa11
Spain	Sporting	Ayoze	Spain	fifa11
Spain	Sporting	C. Castro	Spain	fifa11
Spain	Sporting	Carmelo	Spain	fifa11
Spain	Sporting	Novo	Spain	fifa11
Spain	Sporting	Cuellar	Spain	fifa11
Spain	Sporting	Gerard	Spain	fifa11
Spain	Sporting	Angel	Spain	fifa11
Spain	Sporting	Bilic	Croatia	fifa11
Spain	Sporting	Barral	Spain	fifa11
Spain	Sporting	Pedro	Portugal	fifa11
Spain	Sporting	A. Castro	Spain	fifa11
Spain	Sporting	Moran	Spain	fifa11
Spain	Sporting	Maldonado	Spain	fifa11
Spain	Osasuna	Ricardo	Spain	fifa11
Spain	Osasuna	Echaide	Spain	fifa11
Spain	Osasuna	Nelson	Portugal	fifa11
Spain	Osasuna	S. Fernandez	Spain	fifa11
Spain	Osasuna	Monreal	Spain	fifa11
Spain	Osasuna	Nekounam	Iran	fifa11
Spain	Osasuna	Punal	Spain	fifa11
Spain	Osasuna	Masoud	Iran	fifa11
Spain	Osasuna	Juanfran	Spain	fifa11
Spain	Osasuna	Aranda	Spain	fifa11
Spain	Osasuna	Pandiani	Uruguay	fifa11
Spain	Osasuna	Riesgo	Spain	fifa11
Spain	Osasuna	Flano	Spain	fifa11
Spain	Osasuna	Oier	Spain	fifa11
Spain	Osasuna	Vadocz	Hungary	fifa11
Spain	Osasuna	Sola	Spain	fifa11
Spain	Osasuna	Lolo	Spain	fifa11
Spain	Osasuna	Ruper	Spain	fifa11
Spain	Osasuna	Lekic	Serbia	fifa11
Spain	Osasuna	Camunas	Spain	fifa11
Spain	Levante	Reina	Spain	fifa11
Spain	Levante	Cerra	Spain	fifa11
Spain	Levante	Ballesteros	Spain	fifa11
Spain	Levante	Nano	Spain	fifa11
Spain	Levante	Juanfran	Spain	fifa11
Spain	Levante	Pallardo	Spain	fifa11
Spain	Levante	Nadal	Spain	fifa11
Spain	Levante	Suarez	Spain	fifa11
Spain	Levante	Juanlu	Spain	fifa11
Spain	Levante	Ruben	Argentina	fifa11
Spain	Levante	Caicedo	Ecuador	fifa11
Spain	Levante	Mora	Ecuador	fifa11
Spain	Levante	Jorda	Spain	fifa11
Spain	Levante	Mossa	Portugal	fifa11
Spain	Levante	Pena	Spain	fifa11
Spain	Levante	Sergio	Spain	fifa11
Spain	Levante	Angel	Spain	fifa11
Spain	Levante	Rodas	Spain	fifa11
Spain	Levante	Del Horno	Spain	fifa11
Spain	Levante	Larrea	Spain	fifa11
Spain	Getafe	Codina	Spain	fifa11
Spain	Getafe	Torres	Spain	fifa11
Spain	Getafe	Parejo	Spain	fifa11
Spain	Getafe	Rafa	Spain	fifa11
Spain	Getafe	Mane	Spain	fifa11
Spain	Getafe	Boateng	Ghana	fifa11
Spain	Getafe	Casquero	Spain	fifa11
Spain	Getafe	Diaz	Argentina	fifa11
Spain	Getafe	Arizmendi	Spain	fifa11
Spain	Getafe	Colunga	Spain	fifa11
Spain	Getafe	Manu	Spain	fifa11
Spain	Getafe	Ustari	Argentina	fifa11
Spain	Getafe	Mario	Spain	fifa11
Spain	Getafe	Marcano	Spain	fifa11
Spain	Getafe	Sanchez	Spain	fifa11
Spain	Getafe	Rios	Spain	fifa11
Spain	Getafe	Gavilan	Spain	fifa11
Spain	Getafe	Albin	Uruguay	fifa11
Spain	Getafe	Miku	Venezuela	fifa11
Spain	R. Sociedad	Bravo	Chile	fifa11
Spain	R. Sociedad	Gonzalez	Uruguay	fifa11
Spain	R. Sociedad	De la Bella	Spain	fifa11
Spain	R. Sociedad	Martinez	Mexico	fifa11
Spain	R. Sociedad	Ansotegi	Spain	fifa11
Spain	R. Sociedad	Rivas	Argentina	fifa11
Spain	R. Sociedad	Aranburu	Spain	fifa11
Spain	R. Sociedad	Xabi Prieto	Spain	fifa11
Spain	R. Sociedad	Griezmann	France	fifa11
Spain	R. Sociedad	Tamudo	Spain	fifa11
Spain	R. Sociedad	Llorente	Spain	fifa11
Spain	R. Sociedad	Zubikarai	Spain	fifa11
Spain	R. Sociedad	Elustondo	Brazil	fifa11
Spain	R. Sociedad	Demidov	Norway	fifa11
Spain	R. Sociedad	Illarramendi	Spain	fifa11
Spain	R. Sociedad	Estrada	Chile	fifa11
Spain	R. Sociedad	Bergara	Spain	fifa11
Spain	R. Sociedad	Zurutuza	France	fifa11
Spain	R. Sociedad	Agirretxe	Spain	fifa11
Spain	R. Sociedad	Ifran	Uruguay	fifa11
Spain	Zaragoza	Franco	Argentina	fifa11
Spain	Zaragoza	Ponzio	Argentina	fifa11
Spain	Zaragoza	Contini	Italy	fifa11
Spain	Zaragoza	Jarosik	Czech Republic	fifa11
Spain	Zaragoza	Edmilson	Brazil	fifa11
Spain	Zaragoza	Herrera	Spain	fifa11
Spain	Zaragoza	N'Daw	Senegal	manual-audit
Spain	Zaragoza	Braulio	Spain	fifa11
Spain	Zaragoza	Uche	Nigeria	fifa11
Spain	Zaragoza	Sinama-Pongolle	France	fifa11
Spain	Zaragoza	Roberto	Spain	fifa11
Spain	Zaragoza	Diogo	Uruguay	fifa11
Spain	Zaragoza	Lanzaro	Italy	fifa11
Spain	Zaragoza	Paredes	Spain	fifa11
Spain	Zaragoza	Lafita	Spain	fifa11
Spain	Zaragoza	Obradovic	Serbia	fifa11
Spain	Zaragoza	Bertolo	Argentina	fifa11
Spain	Zaragoza	Lacruz	Spain	fifa11
Spain	Zaragoza	Gabi	Spain	fifa11
Spain	Hercules	Calatayud	Spain	fifa11
Spain	Hercules	Juanra	Spain	fifa11
Spain	Hercules	Sarr	Senegal	fifa11
Spain	Hercules	Pena	Spain	fifa11
Spain	Hercules	Farinos	Spain	fifa11
Spain	Hercules	Gomes	Portugal	fifa11
Spain	Hercules	Aguilar	Colombia	fifa11
Spain	Hercules	Rufete	Spain	fifa11
Spain	Hercules	K. Femenia	Spain	manual-audit
Spain	Hercules	Fritzler	Argentina	fifa11
Spain	Hercules	Alba	Spain	fifa11
Spain	Hercules	Cortes	Spain	fifa11
Spain	Hercules	Trezeguet	France	fifa11
Spain	Hercules	A. Paz	Spain	fifa11
Spain	Hercules	Tote	Spain	fifa11
Spain	Hercules	Sendoa	Spain	fifa11
Spain	Hercules	Drenthe	Netherlands	fifa11
Spain	Hercules	Valdez	Paraguay	fifa11
Spain	Hercules	Portillo	Spain	fifa11
Spain	Barcelona	Fontas	Spain	fifa11
Spain	Barcelona	J. dos Santos	Mexico	fifa11
Spain	Barcelona	Bartra	Spain	fifa11
Spain	Real Madrid	Granero	Spain	fifa11
Spain	Real Madrid	Gago	Argentina	fifa11
Spain	Real Madrid	M. Diarra	Mali	fifa11
Spain	Real Madrid	Adan	Spain	fifa11
Spain	Real Madrid	Mateos	Spain	fifa11
Spain	Sevilla	Alexis	Spain	fifa11
Spain	Sevilla	Acosta	Argentina	fifa11
Spain	Sevilla	Alfaro	Spain	fifa11
Spain	Sevilla	Luna	Spain	fifa11
Spain	Atl. Madrid	Raul Garcia	Spain	fifa11
Spain	Atl. Madrid	Fran Merida	Spain	fifa11
Spain	Atl. Madrid	Juanito	Spain	fifa11
Spain	Atl. Madrid	Joel	Spain	fifa11
Spain	Villarreal	Altidore	United States	fifa11
Spain	Villarreal	J. Oriol	Spain	fifa11
Spain	Villarreal	Juan Carlos	Spain	fifa11
Spain	Valencia	Stankevicius	Lithuania	fifa11
Spain	Valencia	D. Navarro	Spain	fifa11
Spain	Valencia	M. Fernandes	Portugal	fifa11
Spain	Valencia	Isco	Spain	fifa11
Spain	Valencia	Paco Alcacer	Spain	fifa11
Spain	Deportivo	Manuel Pablo	Spain	fifa11
Spain	Deportivo	Laure	Spain	fifa11
Spain	Deportivo	Ze Castro	Portugal	fifa11
Spain	Deportivo	J. Dominguez	Spain	fifa11
Spain	Malaga	Galatto	Brazil	fifa11
Spain	Malaga	Ruben	Spain	fifa11
Spain	Malaga	Juanmi	Spain	manual-audit
Spain	Malaga	Recio	Mexico	fifa11
Spain	Malaga	Portillo	Spain	fifa11
Spain	Malaga	Duda	Portugal	fifa11
Spain	Mallorca	Cendros	Spain	fifa11
Spain	Mallorca	Pereira	France	fifa11
Spain	Mallorca	Pina	Spain	fifa11
Spain	Mallorca	Joao Victor	Brazil	fifa11
Spain	Espanyol	C. Alvarez	Argentina	fifa11
Spain	Espanyol	Javi Lopez	Spain	fifa11
Spain	Espanyol	Duscher	Argentina	fifa11
Spain	Espanyol	Datolo	Argentina	fifa11
Spain	Almeria	Juanito	Spain	fifa11
Spain	Almeria	Luna	Argentina	fifa11
Spain	Almeria	Diego Garcia	Spain	fifa11
Spain	Racing	Tziolis	Greece	fifa11
Spain	Racing	Waldo Ponce	Chile	fifa11
Spain	Racing	M. Fernandez	Spain	fifa11
Spain	Racing	Ramon Arcas	Spain	manual-audit
Spain	Ath. Bilbao	San Jose	Spain	fifa11
Spain	Ath. Bilbao	Iturraspe	Spain	fifa11
Spain	Ath. Bilbao	Aurtenetxe	Spain	fifa11
Spain	Ath. Bilbao	I. Perez	Spain	fifa11
Spain	Sporting	Rivera	Spain	fifa11
Spain	Sporting	Sangoy	Argentina	fifa11
Spain	Sporting	Jorge Garcia	Argentina	fifa11
Spain	Osasuna	Damia	Spain	fifa11
Spain	Osasuna	Calleja	Spain	fifa11
Spain	Osasuna	Annunziata	Spain	fifa11
Spain	Levante	Robuste	Spain	fifa11
Spain	Levante	Javi Venta	Spain	fifa11
Spain	Levante	Stuani	Uruguay	fifa11
Spain	Levante	Xisco	Spain	fifa11
Spain	Getafe	Victor Sanchez	Spain	fifa11
Spain	Getafe	Mosquera	Spain	fifa11
Spain	Getafe	Sardinero	Spain	fifa11
Spain	R. Sociedad	Sarpong	Netherlands	fifa11
Spain	R. Sociedad	Carlos Martinez	Spain	fifa11
Spain	R. Sociedad	Viguera	Spain	fifa11
Spain	Zaragoza	Doblas	Spain	fifa11
Spain	Zaragoza	Jorge Lopez	Spain	fifa11
Spain	Zaragoza	P. da Silva	Mexico	fifa11
Spain	Zaragoza	Boutahar	Morocco	manual-audit
Spain	Hercules	Pulhac	Romania	fifa11
Spain	Hercules	Pamarot	France	fifa11
Spain	Hercules	Velthuizen	Netherlands	fifa11
Spain	Hercules	Thomert	France	fifa11
Italy	Inter	Cesar	Brazil	fifa11
Italy	Inter	Maicon	Brazil	fifa11
Italy	Inter	Samuel	Argentina	fifa11
Italy	Inter	Lucio	Brazil	fifa11
Italy	Inter	Chivu	Romania	fifa11
Italy	Inter	Zanetti	Argentina	fifa11
Italy	Inter	Cambiasso	Brazil	fifa11
Italy	Inter	Sneijder	Netherlands	fifa11
Italy	Inter	Eto'o	Brazil	fifa11
Italy	Inter	Milito	Argentina	fifa11
Italy	Inter	Coutinho	Brazil	fifa11
Italy	Inter	Stankovic	Serbia	fifa11
Italy	Inter	Castellazzi	Italy	fifa11
Italy	Inter	Materazzi	Italy	fifa11
Italy	Inter	Cordoba	Colombia	fifa11
Italy	Inter	Santon	Italy	fifa11
Italy	Inter	Motta	Brazil	fifa11
Italy	Inter	Mariga	Kenya	fifa11
Italy	Inter	Pandev	North Macedonia	fifa11
Italy	Inter	Biabiany	France	fifa11
Italy	Roma	Doni	Brazil	fifa11
Italy	Roma	Burdisso	Argentina	fifa11
Italy	Roma	Mexes	France	fifa11
Italy	Roma	Juan	Brazil	fifa11
Italy	Roma	Riise	Norway	fifa11
Italy	Roma	Pizarro	Chile	fifa11
Italy	Roma	De Rossi	Italy	fifa11
Italy	Roma	Taddei	Brazil	fifa11
Italy	Roma	Vucinic	Montenegro	fifa11
Italy	Roma	Totti	Italy	fifa11
Italy	Roma	Menez	France	fifa11
Italy	Roma	Lobont	Romania	fifa11
Italy	Roma	Castellini	Italy	fifa11
Italy	Roma	Simplicio	Brazil	fifa11
Italy	Roma	Borriello	Italy	fifa11
Italy	Roma	Perrotta	Italy	fifa11
Italy	Roma	Adriano	Brazil	fifa11
Italy	Roma	Brighi	Italy	fifa11
Italy	Roma	Cicinho	Brazil	fifa11
Italy	Milan	Amelia	Italy	fifa11
Italy	Milan	Zambrotta	Italy	fifa11
Italy	Milan	Nesta	Italy	fifa11
Italy	Milan	Yepes	Colombia	fifa11
Italy	Milan	Boateng	Ghana	fifa11
Italy	Milan	Pirlo	Italy	fifa11
Italy	Milan	Gattuso	Italy	fifa11
Italy	Milan	Ambrosini	Italy	fifa11
Italy	Milan	Ronaldinho	Brazil	fifa11
Italy	Milan	Ibrahimovic	Sweden	fifa11
Italy	Milan	Pato	Brazil	fifa11
Italy	Milan	Robinho	Brazil	fifa11
Italy	Milan	Abbiati	Italy	fifa11
Italy	Milan	Silva	Brazil	fifa11
Italy	Milan	Antonini	Italy	fifa11
Italy	Milan	Abate	Italy	fifa11
Italy	Milan	Flamini	France	fifa11
Italy	Milan	Bonera	Italy	fifa11
Italy	Milan	Seedorf	Netherlands	fifa11
Italy	Milan	Inzaghi	Italy	fifa11
Italy	Sampdoria	Curci	Italy	fifa11
Italy	Sampdoria	Lucchini	Italy	fifa11
Italy	Sampdoria	Gastaldello	Italy	fifa11
Italy	Sampdoria	Guberti	Italy	fifa11
Italy	Sampdoria	Palombo	Italy	fifa11
Italy	Sampdoria	Semioli	Italy	fifa11
Italy	Sampdoria	Pozzi	Italy	fifa11
Italy	Sampdoria	Mannini	Italy	fifa11
Italy	Sampdoria	Cassano	Italy	fifa11
Italy	Sampdoria	Pazzini	Italy	fifa11
Italy	Sampdoria	Fiorillo	Italy	fifa11
Italy	Sampdoria	Regini	Italy	manual-audit
Italy	Sampdoria	Rossi	Italy	fifa11
Italy	Sampdoria	Poli	Italy	fifa11
Italy	Sampdoria	Ziegler	Switzerland	fifa11
Italy	Sampdoria	Marilungo	Italy	fifa11
Italy	Sampdoria	Cacciatore	Italy	fifa11
Italy	Sampdoria	Tissone	Argentina	fifa11
Italy	Sampdoria	Dessena	Italy	fifa11
Italy	Palermo	Benussi	Italy	fifa11
Italy	Palermo	Balzaretti	Italy	fifa11
Italy	Palermo	Bovo	Italy	fifa11
Italy	Palermo	Goian	Romania	fifa11
Italy	Palermo	Cassani	Italy	fifa11
Italy	Palermo	Migliaccio	Italy	fifa11
Italy	Palermo	Nocerino	Italy	fifa11
Italy	Palermo	Ilicic	Slovenia	fifa11
Italy	Palermo	Pastore	Argentina	fifa11
Italy	Palermo	Maccarone	Italy	fifa11
Italy	Palermo	Miccoli	Italy	fifa11
Italy	Palermo	Sirigu	Italy	fifa11
Italy	Palermo	Munoz	Argentina	fifa11
Italy	Palermo	Raggi	Italy	fifa11
Italy	Palermo	Kasami	Switzerland	fifa11
Italy	Palermo	Bacinovic	Slovenia	fifa11
Italy	Palermo	Hernandez	Uruguay	fifa11
Italy	Palermo	Mchedlidze	Georgia	fifa11
Italy	Palermo	Pinilla	Chile	fifa11
Italy	Palermo	Darmian	Italy	fifa11
Italy	Napoli	De Sanctis	Italy	fifa11
Italy	Napoli	Aronica	Italy	fifa11
Italy	Napoli	Cannavaro	Italy	fifa11
Italy	Napoli	Campagnaro	Argentina	fifa11
Italy	Napoli	Zuniga	Colombia	fifa11
Italy	Napoli	Gargano	Uruguay	fifa11
Italy	Napoli	Yebda	Algeria	fifa11
Italy	Napoli	Hamsik	Slovakia	fifa11
Italy	Napoli	Maggio	Italy	fifa11
Italy	Napoli	Cavani	Uruguay	fifa11
Italy	Napoli	Lavezzi	Argentina	fifa11
Italy	Napoli	Iezzo	Italy	fifa11
Italy	Napoli	Santacroce	Italy	fifa11
Italy	Napoli	Grava	Italy	fifa11
Italy	Napoli	Sosa	Argentina	fifa11
Italy	Napoli	Cribari	Brazil	fifa11
Italy	Napoli	Pazienza	Italy	fifa11
Italy	Napoli	Dossena	Italy	fifa11
Italy	Napoli	Lucarelli	Italy	fifa11
Italy	Napoli	Dumitru	Italy	manual-audit
Italy	Juventus	Buffon	Italy	fifa11
Italy	Juventus	Grosso	Italy	fifa11
Italy	Juventus	Chiellini	Italy	fifa11
Italy	Juventus	Bonucci	Italy	fifa11
Italy	Juventus	De Ceglie	Italy	fifa11
Italy	Juventus	Aquilani	Italy	fifa11
Italy	Juventus	Krasic	Serbia	fifa11
Italy	Juventus	Melo	Brazil	fifa11
Italy	Juventus	Quagliarella	Italy	fifa11
Italy	Juventus	Pepe	Italy	fifa11
Italy	Juventus	Amauri	Italy	fifa11
Italy	Juventus	Storari	Italy	fifa11
Italy	Juventus	Grygera	Czech Republic	fifa11
Italy	Juventus	Martinez	Uruguay	fifa11
Italy	Juventus	Lanzafame	Italy	fifa11
Italy	Juventus	Motta	Italy	fifa11
Italy	Juventus	Salihamidzic	Bosnia & Herzegovina	fifa11
Italy	Juventus	Del Piero	Italy	fifa11
Italy	Juventus	Iaquinta	Italy	fifa11
Italy	Juventus	Sissoko	Mali	fifa11
Italy	Parma	Pavarini	Italy	fifa11
Italy	Parma	Dellafiore	Italy	fifa11
Italy	Parma	Paci	Italy	fifa11
Italy	Parma	Zenoni	Italy	manual-audit
Italy	Parma	Morrone	Italy	fifa11
Italy	Parma	Giovinco	Italy	fifa11
Italy	Parma	Galloppa	Italy	fifa11
Italy	Parma	Bojinov	Bulgaria	fifa11
Italy	Parma	Paloschi	Italy	fifa11
Italy	Parma	Mirante	Italy	fifa11
Italy	Parma	Gobbi	Italy	fifa11
Italy	Parma	Paletta	Argentina	fifa11
Italy	Parma	Antonelli	Italy	fifa11
Italy	Parma	Candreva	Italy	fifa11
Italy	Parma	Marques	Spain	fifa11
Italy	Parma	Leonardi	Italy	manual-audit
Italy	Parma	Crespo	Argentina	fifa11
Italy	Genoa	Eduardo	Portugal	fifa11
Italy	Genoa	Rafinha	Brazil	fifa11
Italy	Genoa	Dainelli	Italy	fifa11
Italy	Genoa	Ferrari	Argentina	fifa11
Italy	Genoa	Moretti	Italy	fifa11
Italy	Genoa	Kharja	Morocco	fifa11
Italy	Genoa	Chico	Spain	fifa11
Italy	Genoa	Juric	Sweden	fifa11
Italy	Genoa	Jankovic	Serbia	fifa11
Italy	Genoa	Palacio	Argentina	fifa11
Italy	Genoa	Toni	Italy	fifa11
Italy	Genoa	Scarpi	Italy	fifa11
Italy	Genoa	Criscito	Italy	fifa11
Italy	Genoa	Sculli	Italy	fifa11
Italy	Genoa	Modesto	Italy	fifa11
Italy	Genoa	Jovanovic	Serbia	fifa11
Italy	Genoa	Milanetto	Italy	fifa11
Italy	Genoa	Veloso	Portugal	fifa11
Italy	Genoa	Alessio	Brazil	fifa11
Italy	Genoa	Mesto	Italy	fifa11
Italy	Bari	Gillet	Belgium	fifa11
Italy	Bari	Masiello	Italy	fifa11
Italy	Bari	Stellini	Italy	fifa11
Italy	Bari	Raggi	Italy	fifa11
Italy	Bari	Parisi	Italy	fifa11
Italy	Bari	Donati	Italy	fifa11
Italy	Bari	Gazzi	Italy	fifa11
Italy	Bari	Alvarez	El Salvador	fifa11
Italy	Bari	Almiron	Argentina	fifa11
Italy	Bari	Barreto	Brazil	fifa11
Italy	Bari	Ghezzal	Algeria	fifa11
Italy	Bari	Fontana	Italy	fifa11
Italy	Bari	Esposito	Italy	fifa11
Italy	Bari	Belmonte	Italy	fifa11
Italy	Bari	Colombo	Italy	fifa11
Italy	Bari	Rudolf	Hungary	fifa11
Italy	Bari	Kutuzov	Belarus	fifa11
Italy	Bari	Rivas	Argentina	fifa11
Italy	Bari	Rajcic	Croatia	manual-audit
Italy	Bari	Visconti	Italy	fifa11
Italy	Fiorentina	Frey	France	fifa11
Italy	Fiorentina	Comotto	Italy	fifa11
Italy	Fiorentina	Gamberini	Italy	fifa11
Italy	Fiorentina	Natali	Italy	fifa11
Italy	Fiorentina	Vargas	Peru	fifa11
Italy	Fiorentina	Marchionni	Italy	fifa11
Italy	Fiorentina	Jovetic	Montenegro	fifa11
Italy	Fiorentina	Santana	Argentina	fifa11
Italy	Fiorentina	Montolivo	Italy	fifa11
Italy	Fiorentina	Ljajic	Serbia	fifa11
Italy	Fiorentina	Gilardino	Italy	fifa11
Italy	Fiorentina	Boruc	Poland	fifa11
Italy	Fiorentina	Donadel	Italy	fifa11
Italy	Fiorentina	De Silvestri	Italy	fifa11
Italy	Fiorentina	Pasqual	Italy	fifa11
Italy	Fiorentina	Avramov	Serbia	fifa11
Italy	Fiorentina	D'Agostino	Brazil	fifa11
Italy	Fiorentina	Babacar	Senegal	fifa11
Italy	Fiorentina	Cerci	Italy	fifa11
Italy	Lazio	Muslera	Uruguay	fifa11
Italy	Lazio	Scaloni	Argentina	fifa11
Italy	Lazio	Lichtsteiner	Switzerland	fifa11
Italy	Lazio	Diakite	France	fifa11
Italy	Lazio	Biava	Italy	fifa11
Italy	Lazio	Garrido	Spain	fifa11
Italy	Lazio	Brocchi	Italy	fifa11
Italy	Lazio	Ledesma	Argentina	fifa11
Italy	Lazio	Hernanes	Brazil	fifa11
Italy	Lazio	Zarate	Argentina	fifa11
Italy	Lazio	Floccari	Italy	fifa11
Italy	Lazio	Bresciano	Australia	fifa11
Italy	Lazio	Dias	Brazil	fifa11
Italy	Lazio	Stendardo	Italy	fifa11
Italy	Lazio	Kozak	Czech Republic	fifa11
Italy	Lazio	Mauri	Italy	fifa11
Italy	Lazio	Matuzalem	Brazil	fifa11
Italy	Lazio	Foggia	Italy	fifa11
Italy	Lazio	Carrizo	Argentina	fifa11
Italy	Lazio	Rocchi	Italy	fifa11
Italy	Catania	Andujar	Argentina	fifa11
Italy	Catania	Potenza	Italy	fifa11
Italy	Catania	Silvestre	Argentina	fifa11
Italy	Catania	Bellusci	Italy	fifa11
Italy	Catania	Capuano	Italy	fifa11
Italy	Catania	Carboni	Argentina	fifa11
Italy	Catania	Biagianti	Italy	fifa11
Italy	Catania	Gomez	Germany	fifa11
Italy	Catania	Ledesma	Argentina	fifa11
Italy	Catania	Lopez	Argentina	fifa11
Italy	Catania	Morimoto	Japan	fifa11
Italy	Catania	Campagnolo	Italy	fifa11
Italy	Catania	Spolli	Argentina	fifa11
Italy	Catania	Marchese	Italy	fifa11
Italy	Catania	Sciacca	Italy	fifa11
Italy	Catania	Barrientos	Argentina	fifa11
Italy	Catania	Ricchiuti	Argentina	fifa11
Italy	Catania	Alvarez	Argentina	fifa11
Italy	Catania	Izco	Argentina	fifa11
Italy	Catania	Plasmati	Italy	fifa11
Italy	Chievo	Sorrentino	Italy	fifa11
Italy	Chievo	Frey	France	fifa11
Italy	Chievo	Mandelli	Italy	fifa11
Italy	Chievo	Andreolli	Italy	fifa11
Italy	Chievo	Mantovani	Italy	fifa11
Italy	Chievo	Rigoni	Italy	fifa11
Italy	Chievo	Marcolini	Italy	fifa11
Italy	Chievo	Fernandes	Switzerland	fifa11
Italy	Chievo	Thereau	France	fifa11
Italy	Chievo	Moscardelli	Italy	fifa11
Italy	Chievo	Pellissier	Italy	fifa11
Italy	Chievo	Miskiewicz	Poland	manual-audit
Italy	Chievo	Cesar	Slovenia	fifa11
Italy	Chievo	Bentz	Germany	manual-audit
Italy	Chievo	Luciano	Brazil	fifa11
Italy	Chievo	Jokic	Slovenia	fifa11
Italy	Chievo	Constant	Guinea	fifa11
Italy	Chievo	Guana	Italy	fifa11
Italy	Chievo	Esposito	Italy	fifa11
Italy	Chievo	Granoche	Uruguay	fifa11
Italy	Udinese	Handanovic	Slovenia	fifa11
Italy	Udinese	Isla	Chile	fifa11
Italy	Udinese	Zapata	Colombia	fifa11
Italy	Udinese	Armero	Colombia	fifa11
Italy	Udinese	Pasquale	Italy	fifa11
Italy	Udinese	Inler	Switzerland	fifa11
Italy	Udinese	Pinzi	Italy	fifa11
Italy	Udinese	Asamoah	Ghana	fifa11
Italy	Udinese	Corradi	Italy	fifa11
Italy	Udinese	Flores	Italy	fifa11
Italy	Udinese	Di Natale	Italy	fifa11
Italy	Udinese	Belardi	Italy	fifa11
Italy	Udinese	Domizzi	Italy	fifa11
Italy	Udinese	Benatia	Morocco	fifa11
Italy	Udinese	Abdi	Switzerland	fifa11
Italy	Udinese	Obodo	Nigeria	fifa11
Italy	Udinese	Badu	Ghana	fifa11
Italy	Udinese	Eremenko	Finland	fifa11
Italy	Udinese	Sanchez	Chile	fifa11
Italy	Cagliari	Marchetti	Italy	fifa11
Italy	Cagliari	Pisano	Italy	fifa11
Italy	Cagliari	Ariaudo	Italy	fifa11
Italy	Cagliari	Canini	Italy	fifa11
Italy	Cagliari	Agostini	Italy	fifa11
Italy	Cagliari	Conti	Italy	fifa11
Italy	Cagliari	Lazzari	Italy	fifa11
Italy	Cagliari	Biondini	Italy	fifa11
Italy	Cagliari	Cossu	Italy	fifa11
Italy	Cagliari	Nene	Brazil	fifa11
Italy	Cagliari	Pinardi	Italy	fifa11
Italy	Cagliari	Perico	Italy	fifa11
Italy	Cagliari	Nainggolan	Belgium	fifa11
Italy	Cagliari	Matri	Italy	fifa11
Italy	Cagliari	Agazzi	Italy	fifa11
Italy	Cagliari	Mancosu	South Korea	fifa11
Italy	Cagliari	Astori	Italy	fifa11
Italy	Cagliari	Ragatzu	Italy	fifa11
Italy	Cagliari	Larrivey	Argentina	manual-audit
Italy	Bologna	Viviano	Italy	fifa11
Italy	Bologna	Moras	Greece	fifa11
Italy	Bologna	Britos	Uruguay	fifa11
Italy	Bologna	Terzi	Italy	fifa11
Italy	Parma	Valiani	Italy	fifa11
Italy	Bologna	Perez	Uruguay	fifa11
Italy	Bologna	Krhin	Slovenia	fifa11
Italy	Bologna	Mudingayi	Belgium	fifa11
Italy	Bologna	Ramirez	Uruguay	manual-audit
Italy	Bologna	Rocca	Italy	fifa11
Italy	Bologna	Di Vaio	Italy	fifa11
Italy	Bologna	Colombo	Italy	fifa11
Italy	Bologna	Portanova	Italy	fifa11
Italy	Bologna	Cherubin	Italy	fifa11
Italy	Bologna	Casarini	Italy	fifa11
Italy	Bologna	Gimenez	Uruguay	fifa11
Italy	Bologna	Morleo	Italy	fifa11
Italy	Bologna	Ekdal	Sweden	fifa11
Italy	Bologna	Meggiorini	Italy	fifa11
Italy	Lecce	Rosati	Italy	fifa11
Italy	Lecce	Tomovic	Serbia	fifa11
Italy	Lecce	Mesbah	Algeria	fifa11
Italy	Lecce	Ferrario	Italy	fifa11
Italy	Lecce	Fabiano	Brazil	fifa11
Italy	Lecce	Munari	Italy	fifa11
Italy	Lecce	Bertolacci	Italy	fifa11
Italy	Lecce	Mazzotta	Italy	fifa11
Italy	Lecce	Giacomazzi	Uruguay	fifa11
Italy	Lecce	Corvia	Italy	fifa11
Italy	Lecce	Lepore	Italy	fifa11
Italy	Lecce	Benassi	Italy	fifa11
Italy	Lecce	Giuliatto	Italy	fifa11
Italy	Lecce	Esposito	Italy	fifa11
Italy	Lecce	Defendi	Italy	fifa11
Italy	Lecce	Di Michele	Italy	fifa11
Italy	Lecce	Terranova	Italy	fifa11
Italy	Lecce	Vives	Italy	fifa11
Italy	Lecce	Donati	Italy	fifa11
Italy	Cesena	Antonioli	Italy	fifa11
Italy	Cesena	Ceccarelli	Italy	fifa11
Italy	Cesena	Nagatomo	Japan	fifa11
Italy	Cesena	Volta	Italy	fifa11
Italy	Cesena	Lauro	Italy	fifa11
Italy	Cesena	Parolo	Italy	fifa11
Italy	Cesena	Giaccherini	Italy	fifa11
Italy	Cesena	De Feudis	Italy	fifa11
Italy	Cesena	Schelotto	Italy	fifa11
Italy	Cesena	Bogdani	Albania	fifa11
Italy	Cesena	Jimenez	Chile	fifa11
Italy	Cesena	Sammarco	Italy	fifa11
Italy	Cesena	Cavalieri	Brazil	fifa11
Italy	Cesena	Piangerelli	Italy	fifa11
Italy	Cesena	Malonga	France	fifa11
Italy	Cesena	Colucci	Italy	fifa11
Italy	Cesena	De Maio	France	fifa11
Italy	Cesena	Ragusa	Portugal	fifa11
Italy	Cesena	Franceschini	Italy	manual-audit
Italy	Brescia	Arcari	Italy	fifa11
Italy	Brescia	Lopez	Spain	fifa11
Italy	Brescia	Bega	Italy	fifa11
Italy	Brescia	Zoboli	Italy	fifa11
Italy	Brescia	Zebina	France	fifa11
Italy	Brescia	Salamon	Poland	manual-audit
Italy	Brescia	Kone	Greece	fifa11
Italy	Brescia	Hetemaj	Finland	fifa11
Italy	Brescia	Diamanti	Italy	fifa11
Italy	Brescia	Eder	Brazil	fifa11
Italy	Brescia	Caracciolo	Italy	fifa11
Italy	Brescia	Taddei	Italy	fifa11
Italy	Brescia	De Maio	France	fifa11
Italy	Brescia	Dallamano	Italy	fifa11
Italy	Brescia	Vass	Hungary	fifa11
Italy	Brescia	Possanzini	Italy	fifa11
Italy	Brescia	Sereni	Italy	fifa11
Italy	Brescia	Rispoli	Italy	fifa11
Italy	Brescia	Owusu	Ghana	fifa11
Italy	Inter	Orlandoni	Italy	fifa11
Italy	Inter	Natalino	Brazil	fifa11
Italy	Inter	Obi	Nigeria	fifa11
Italy	Inter	Muntari	Brazil	fifa11
Italy	Inter	Suazo	Honduras	fifa11
Italy	Roma	Julio Sergio	Brazil	fifa11
Italy	Roma	Rosi	Italy	fifa11
Italy	Roma	Greco	Italy	fifa11
Italy	Roma	Okaka	Italy	fifa11
Italy	Milan	Roma	Italy	fifa11
Italy	Milan	Oddo	Italy	fifa11
Italy	Milan	Sokratis	Greece	manual-audit
Italy	Milan	Merkel	Germany	fifa11
Italy	Milan	Strasser	Sierra Leone	fifa11
Italy	Sampdoria	Da Costa	Brazil	fifa11
Italy	Sampdoria	Accardi	Italy	fifa11
Italy	Sampdoria	Padalino	Switzerland	fifa11
Italy	Sampdoria	Koman	Hungary	fifa11
Italy	Palermo	Brichetto	Italy	fifa11
Italy	Palermo	Joao Pedro	Brazil	fifa11
Italy	Palermo	Liverani	Italy	fifa11
Italy	Napoli	Gianello	Italy	fifa11
Italy	Napoli	Vitale	Italy	fifa11
Italy	Napoli	Blasi	Italy	fifa11
Italy	Napoli	Maiello	Brazil	fifa11
Italy	Juventus	Manninger	Austria	fifa11
Italy	Juventus	Legrottaglie	Italy	fifa11
Italy	Juventus	Traore	France	fifa11
Italy	Juventus	Giandonato	Italy	fifa11
Italy	Parma	Zaccardo	Italy	fifa11
Italy	Parma	Lucarelli	Italy	fifa11
Italy	Parma	Angelo	Brazil	fifa11
Italy	Genoa	Perin	Italy	fifa11
Italy	Bari	Padelli	Italy	fifa11
Italy	Bari	Rossi	Italy	fifa11
Italy	Bari	Pulzetti	Italy	fifa11
Italy	Bari	Caputo	Italy	fifa11
Italy	Fiorentina	Seculin	Italy	fifa11
Italy	Fiorentina	Camporese	Italy	manual-audit
Italy	Fiorentina	Bolatti	Argentina	fifa11
Italy	Fiorentina	Papa Waigo	Senegal	fifa11
Italy	Lazio	Berny	France	manual-audit
Italy	Lazio	Cavanda	Angola	fifa11
Italy	Lazio	Gonzalez	Uruguay	fifa11
Italy	Catania	Kosicky	Slovakia	fifa11
Italy	Catania	Terlizzi	Italy	fifa11
Italy	Catania	Antenucci	Italy	fifa11
Italy	Catania	Martinho	Brazil	fifa11
Italy	Chievo	Squizzi	Italy	fifa11
Italy	Chievo	Morero	Argentina	fifa11
Italy	Chievo	Bogliaacino	Brazil	fifa11
Italy	Chievo	De Paula	Brazil	fifa11
Italy	Udinese	Koprivec	Slovenia	fifa11
Italy	Udinese	Coda	Italy	fifa11
Italy	Udinese	Cuadrado	Colombia	fifa11
Italy	Udinese	Denis	Argentina	fifa11
Italy	Cagliari	Pelizzoli	Italy	fifa11
Italy	Cagliari	Biasi	Italy	fifa11
Italy	Cagliari	Laneri	Italy	manual-audit
Italy	Cagliari	Acquafresca	Italy	fifa11
Italy	Bologna	Lupatelli	Italy	fifa11
Italy	Bologna	Esposito	Italy	fifa11
Italy	Bologna	Busce	Italy	fifa11
Italy	Bologna	Paponi	Italy	manual-audit
Italy	Lecce	Petrachi	Italy	fifa11
Italy	Lecce	Gustavo	Brazil	fifa11
Italy	Lecce	Grossmuller	Uruguay	fifa11
Italy	Lecce	Ofere	Nigeria	fifa11
Italy	Cesena	Pellegrino	Argentina	fifa11
Italy	Cesena	Appiah	Ghana	fifa11
Italy	Cesena	Ighalo	Nigeria	fifa11
Italy	Brescia	Leali	Italy	manual-audit
Italy	Brescia	Berardi	Switzerland	fifa11
Italy	Brescia	Budel	Italy	fifa11
Germany	Bayern	Butt	Germany	fifa11
Germany	Bayern	Lahm	Germany	fifa11
Germany	Bayern	Van Buyten	Belgium	fifa11
Germany	Bayern	Demichelis	Argentina	fifa11
Germany	Bayern	Contento	Germany	fifa11
Germany	Bayern	Ribery	France	fifa11
Germany	Bayern	Van Bommel	Netherlands	fifa11
Germany	Bayern	Schweinsteiger	Germany	fifa11
Germany	Bayern	Robben	Netherlands	fifa11
Germany	Bayern	Muller	Germany	fifa11
Germany	Bayern	Klose	Germany	fifa11
Germany	Bayern	Kraft	Germany	fifa11
Germany	Bayern	Pranjic	Croatia	fifa11
Germany	Bayern	Breno	Brazil	fifa11
Germany	Bayern	Tymoshchuk	South Korea	fifa11
Germany	Bayern	Kroos	Germany	fifa11
Germany	Bayern	Altintop	Turkey	fifa11
Germany	Bayern	Gomez	Germany	fifa11
Germany	Bayern	Badstuber	Germany	fifa11
Germany	Bayern	Ottl	Germany	fifa11
Germany	Schalke 04	Neuer	Germany	fifa11
Germany	Schalke 04	Uchida	Japan	fifa11
Germany	Schalke 04	Howedes	Germany	fifa11
Germany	Schalke 04	Papadopoulos	Greece	fifa11
Germany	Schalke 04	Pander	Germany	fifa11
Germany	Schalke 04	Farfan	Peru	fifa11
Germany	Schalke 04	Jones	United States	fifa11
Germany	Schalke 04	Jurado	Spain	fifa11
Germany	Schalke 04	Raul	Spain	fifa11
Germany	Schalke 04	Huntelaar	Netherlands	fifa11
Germany	Schalke 04	Rakitic	Croatia	fifa11
Germany	Schalke 04	Hoogland	Germany	fifa11
Germany	Schalke 04	Metzelder	Germany	fifa11
Germany	Schalke 04	Kenia	Georgia	fifa11
Germany	Schalke 04	Pliatsikas	Greece	fifa11
Germany	Schalke 04	Kobiashvili	Georgia	fifa11
Germany	Schalke 04	Plestan	France	fifa11
Germany	Schalke 04	Edu	Brazil	fifa11
Germany	Werder	Wiese	Germany	fifa11
Germany	Werder	Fritz	Germany	fifa11
Germany	Werder	Mertesacker	Germany	fifa11
Germany	Werder	Naldo	Brazil	fifa11
Germany	Werder	Boenisch	Poland	fifa11
Germany	Werder	Marin	Germany	fifa11
Germany	Werder	Frings	Germany	fifa11
Germany	Werder	Arnautovic	Austria	fifa11
Germany	Werder	Bargfrede	Germany	fifa11
Germany	Werder	Almeida	Portugal	fifa11
Germany	Werder	Vander	Germany	fifa11
Germany	Werder	Andersen	Germany	fifa11
Germany	Werder	Prodl	Austria	fifa11
Germany	Werder	Kroos	Germany	fifa11
Germany	Werder	Jensen	Denmark	fifa11
Germany	Werder	Hunt	Germany	fifa11
Germany	Werder	Wesley	Brazil	fifa11
Germany	Werder	Silvestre	France	fifa11
Germany	Leverkusen	Adler	Germany	fifa11
Germany	Leverkusen	Castro	Germany	fifa11
Germany	Leverkusen	Friedrich	Germany	fifa11
Germany	Leverkusen	Hyypia	Finland	fifa11
Germany	Leverkusen	Kadlec	Czech Republic	fifa11
Germany	Leverkusen	Rolfes	Germany	fifa11
Germany	Leverkusen	Augusto	Brazil	fifa11
Germany	Leverkusen	Barnetta	Switzerland	fifa11
Germany	Leverkusen	Schwaab	Germany	fifa11
Germany	Leverkusen	Derdiyok	Switzerland	fifa11
Germany	Leverkusen	Kiessling	Germany	manual-audit
Germany	Leverkusen	Giefer	Germany	fifa11
Germany	Leverkusen	Reinartz	Germany	fifa11
Germany	Leverkusen	Helmes	Germany	fifa11
Germany	Leverkusen	Sinkiewicz	Germany	fifa11
Germany	Leverkusen	Ballack	Germany	fifa11
Germany	Leverkusen	Sam	Germany	fifa11
Germany	Leverkusen	Vidal	Chile	fifa11
Germany	Leverkusen	Bender	Germany	fifa11
Germany	Leverkusen	Vida	Croatia	fifa11
Germany	Dortmund	Weidenfeller	Germany	fifa11
Germany	Dortmund	Owomoyela	Germany	fifa11
Germany	Dortmund	Subotic	Serbia	fifa11
Germany	Dortmund	Hummels	Germany	fifa11
Germany	Dortmund	Schmelzer	Germany	fifa11
Germany	Dortmund	Kehl	Germany	fifa11
Germany	Dortmund	Kuba	Senegal	fifa11
Germany	Dortmund	Sahin	Turkey	fifa11
Germany	Dortmund	Hajnal	Hungary	fifa11
Germany	Dortmund	Lewandowski	Poland	fifa11
Germany	Dortmund	Zidan	Egypt	fifa11
Germany	Stuttgart	Ziegler	Germany	fifa11
Germany	Dortmund	Bender	Germany	fifa11
Germany	Dortmund	Santana	Brazil	fifa11
Germany	Dortmund	Piszczek	Poland	fifa11
Germany	Dortmund	Kagawa	Japan	fifa11
Germany	Dortmund	Gotze	Germany	fifa11
Germany	Dortmund	Grosskreutz	Germany	manual-audit
Germany	Dortmund	Barrios	Paraguay	fifa11
Germany	Stuttgart	Ulreich	Germany	fifa11
Germany	Stuttgart	Trasch	Germany	fifa11
Germany	Stuttgart	Delpierre	France	fifa11
Germany	Stuttgart	Tasci	Germany	fifa11
Germany	Stuttgart	Kuzmanovic	Serbia	fifa11
Germany	Stuttgart	Gebhart	Germany	fifa11
Germany	Stuttgart	Cacau	Germany	fifa11
Germany	Stuttgart	Pogrebnyak	Russia	fifa11
Germany	Stuttgart	Stolz	Germany	fifa11
Germany	Stuttgart	Boka	Ivory Coast	fifa11
Germany	Stuttgart	Audel	France	fifa11
Germany	Stuttgart	Niedermeier	Germany	fifa11
Germany	Stuttgart	Molinaro	Italy	fifa11
Germany	Stuttgart	Gentner	Germany	fifa11
Germany	Stuttgart	Marica	Romania	fifa11
Germany	Stuttgart	Harnik	Austria	fifa11
Germany	Hamburg	Rost	Germany	fifa11
Germany	Hamburg	Demel	Ivory Coast	fifa11
Germany	Hamburg	Westermann	Germany	fifa11
Germany	Hamburg	Mathijsen	Netherlands	fifa11
Germany	Hamburg	Jansen	Germany	fifa11
Germany	Hamburg	Trochowski	Germany	fifa11
Germany	Hamburg	Jarolim	Czech Republic	fifa11
Germany	Hamburg	Roberto	Brazil	fifa11
Germany	Hamburg	Elia	Netherlands	fifa11
Germany	Hamburg	Guerrero	Peru	fifa11
Germany	Hamburg	Petric	Croatia	fifa11
Germany	Hamburg	Mickel	Germany	fifa11
Germany	Hamburg	Aogo	Germany	fifa11
Germany	Hamburg	Kacar	Serbia	fifa11
Germany	Hamburg	Rincon	Venezuela	fifa11
Germany	Hamburg	Van Nistelrooy	Netherlands	fifa11
Germany	Hamburg	Torun	Turkey	fifa11
Germany	Hamburg	Pitroipa	Burkina Faso	fifa11
Germany	Hamburg	Tesche	Germany	fifa11
Germany	Wolfsburg	Benaglio	Switzerland	fifa11
Germany	Wolfsburg	Riether	Germany	fifa11
Germany	Wolfsburg	Madlung	Germany	fifa11
Germany	Wolfsburg	Barzagli	Italy	fifa11
Germany	Wolfsburg	Schafer	Germany	fifa11
Germany	Wolfsburg	Kahlenberg	Denmark	fifa11
Germany	Wolfsburg	Josue	Brazil	fifa11
Germany	Wolfsburg	Friedrich	Germany	fifa11
Germany	Wolfsburg	Mandzukic	Croatia	fifa11
Germany	Wolfsburg	Grafite	Brazil	fifa11
Germany	Wolfsburg	Dzeko	Bosnia & Herzegovina	fifa11
Germany	Wolfsburg	Lenz	Germany	fifa11
Germany	Wolfsburg	Pekarik	Slovakia	fifa11
Germany	Wolfsburg	Diego	Brazil	fifa11
Germany	Wolfsburg	Wolze	Germany	fifa11
Germany	Wolfsburg	Kjaer	Denmark	manual-audit
Germany	Wolfsburg	Gartner	Germany	manual-audit
Germany	Wolfsburg	Cicero	Brazil	fifa11
Germany	Mainz 05	Muller	Germany	fifa11
Germany	Mainz 05	Zabavnik	Slovakia	fifa11
Germany	Mainz 05	Noveski	North Macedonia	fifa11
Germany	Mainz 05	Bungert	Germany	fifa11
Germany	Mainz 05	Low	Hungary	fifa11
Germany	Mainz 05	Heller	Germany	fifa11
Germany	Mainz 05	Ivanschitz	Austria	fifa11
Germany	Mainz 05	Pekovic	Montenegro	fifa11
Germany	Mainz 05	Soto	Colombia	fifa11
Germany	Mainz 05	Allagui	Tunisia	fifa11
Germany	Mainz 05	Wetklo	Germany	fifa11
Germany	Mainz 05	Kirchhoff	Germany	fifa11
Germany	Mainz 05	Vrancic	Germany	manual-audit
Germany	Mainz 05	Fuchs	Austria	fifa11
Germany	Mainz 05	Karhan	Slovakia	fifa11
Germany	Mainz 05	Svensson	Denmark	fifa11
Germany	Mainz 05	Holtby	Germany	fifa11
Germany	Mainz 05	Polanski	Germany	fifa11
Germany	Hamburg	Choupo-Moting	Cameroon	fifa11
Germany	Mainz 05	Schurrle	Germany	fifa11
Germany	Frankfurt	Nikolov	North Macedonia	fifa11
Germany	Frankfurt	Ochs	Germany	fifa11
Germany	Frankfurt	Franz	Germany	fifa11
Germany	Frankfurt	Russ	Germany	fifa11
Germany	Frankfurt	Clark	United States	fifa11
Germany	Frankfurt	Chris	Brazil	fifa11
Germany	Frankfurt	Kormaz	Austria	manual-audit
Germany	Frankfurt	Caio	Brazil	fifa11
Germany	Frankfurt	Gekas	Greece	fifa11
Germany	Frankfurt	Amanatidis	Greece	fifa11
Germany	Frankfurt	Fenin	Czech Republic	fifa11
Germany	Frankfurt	Fahrmann	Germany	fifa11
Germany	Frankfurt	Tzavellas	Greece	fifa11
Germany	Frankfurt	Altintop	Turkey	fifa11
Germany	Frankfurt	Alvarez	El Salvador	fifa11
Germany	Frankfurt	Schwegler	Switzerland	fifa11
Germany	Frankfurt	Rode	Germany	manual-audit
Germany	Frankfurt	Meier	Germany	fifa11
Germany	Frankfurt	Jung	Germany	fifa11
Germany	Frankfurt	Kohler	Germany	fifa11
Germany	Hoffenheim	Starke	Germany	fifa11
Germany	Hoffenheim	Beck	Germany	fifa11
Germany	Hoffenheim	Jaissle	Germany	fifa11
Germany	Hoffenheim	Ibertsberger	Austria	fifa11
Germany	Hoffenheim	Simunic	Croatia	fifa11
Germany	Hoffenheim	Compper	Germany	fifa11
Germany	Hoffenheim	Sigurdsson	Iceland	fifa11
Germany	Hoffenheim	Gustavo	Brazil	fifa11
Germany	Hoffenheim	Salihovic	Bosnia & Herzegovina	fifa11
Germany	Hoffenheim	Rudy	Germany	fifa11
Germany	Hoffenheim	Ibisevic	Bosnia & Herzegovina	fifa11
Germany	Hoffenheim	Haas	Germany	fifa11
Germany	Hoffenheim	Vorsah	Ghana	fifa11
Germany	Hoffenheim	Ba	Senegal	fifa11
Germany	Hoffenheim	Weis	Germany	fifa11
Germany	Hoffenheim	Nelson	Portugal	fifa11
Germany	Hoffenheim	Mlapa	Germany	fifa11
Germany	Hoffenheim	Williams	England	fifa11
Germany	Hoffenheim	Terrazzino	Brazil	fifa11
Germany	Hoffenheim	Obasi	Nigeria	fifa11
Germany	M'gladbach	Bailly	Belgium	fifa11
Germany	M'gladbach	Levels	Germany	fifa11
Germany	M'gladbach	Brouwers	Netherlands	fifa11
Germany	M'gladbach	Dante	Brazil	fifa11
Germany	M'gladbach	Daems	Belgium	fifa11
Germany	M'gladbach	Meeuwis	Netherlands	fifa11
Germany	M'gladbach	Marx	Germany	fifa11
Germany	M'gladbach	Bradley	United States	fifa11
Germany	M'gladbach	Arango	Venezuela	fifa11
Germany	M'gladbach	Bobadilla	Argentina	fifa11
Germany	M'gladbach	Idrissou	Cameroon	fifa11
Germany	M'gladbach	Heimeroth	Germany	fifa11
Germany	M'gladbach	Dorda	Germany	fifa11
Germany	M'gladbach	Jaures	France	fifa11
Germany	M'gladbach	Reus	Germany	fifa11
Germany	M'gladbach	Herrmann	Germany	fifa11
Germany	M'gladbach	Matmour	Algeria	fifa11
Germany	M'gladbach	Neustadter	Germany	fifa11
Germany	M'gladbach	Jantschke	Germany	fifa11
Germany	Koln	Mondragon	Colombia	fifa11
Germany	Koln	Brecko	Slovenia	fifa11
Germany	Koln	Mohamad	Lebanon	fifa11
Germany	Koln	Geromel	Brazil	fifa11
Germany	Koln	Wome	Cameroon	manual-audit
Germany	Koln	Freis	Germany	fifa11
Germany	Koln	Petit	Portugal	fifa11
Germany	Koln	Pezzoni	Germany	fifa11
Germany	Koln	Ehret	France	fifa11
Germany	Koln	Novakovic	Slovenia	fifa11
Germany	Koln	Podolski	Germany	fifa11
Germany	Koln	Kessler	Germany	fifa11
Germany	Koln	McKenna	Canada	fifa11
Germany	Koln	Schorch	Germany	fifa11
Germany	Koln	Clemens	Germany	fifa11
Germany	Koln	Yalcin	Germany	fifa11
Germany	Koln	Lanig	Germany	fifa11
Germany	Koln	Jajalo	Croatia	fifa11
Germany	Koln	Matuschyk	Poland	fifa11
Germany	Koln	Chihi	Morocco	fifa11
Germany	Freiburg	Pouplin	France	fifa11
Germany	Freiburg	Mujdza	Croatia	fifa11
Germany	Freiburg	Krmas	Czech Republic	fifa11
Germany	Freiburg	Butscher	Germany	fifa11
Germany	Freiburg	Bastians	Germany	fifa11
Germany	Freiburg	Putsila	Belarus	manual-audit
Germany	Freiburg	Ferati	Switzerland	fifa11
Germany	Freiburg	Schuster	Germany	fifa11
Germany	Freiburg	Abdessadki	Morocco	fifa11
Germany	Freiburg	Cisse	Senegal	fifa11
Germany	Freiburg	Makiadi	DR Congo	fifa11
Germany	Freiburg	Baumann	Germany	fifa11
Germany	Freiburg	Toprak	Germany	fifa11
Germany	Freiburg	Barth	Germany	fifa11
Germany	Freiburg	Uzoma	Nigeria	fifa11
Germany	Freiburg	Iashvili	Georgia	fifa11
Germany	Freiburg	Flum	Germany	fifa11
Germany	Freiburg	Caligiuri	Germany	fifa11
Germany	Freiburg	Rosenthal	Germany	fifa11
Germany	Freiburg	Reisinger	Germany	fifa11
Germany	Hannover 96	Fromlowitz	Germany	fifa11
Germany	Hannover 96	Cherundolo	United States	fifa11
Germany	Hannover 96	Haggui	Tunisia	fifa11
Germany	Hannover 96	Schulz	Germany	fifa11
Germany	Hannover 96	Djakpa	Ivory Coast	fifa11
Germany	Hannover 96	Andreasen	Denmark	fifa11
Germany	Hannover 96	Schmiedebach	Germany	fifa11
Germany	Hannover 96	Konan	Ivory Coast	fifa11
Germany	Hannover 96	Hanke	Germany	fifa11
Germany	Hannover 96	Schlaudraff	Germany	fifa11
Germany	Hannover 96	Abdellaoue	Norway	fifa11
Germany	Hannover 96	Miller	Germany	fifa11
Germany	Hannover 96	Eggimann	Switzerland	fifa11
Germany	Hannover 96	Pinto	Portugal	fifa11
Germany	Hannover 96	Pogatetz	Austria	fifa11
Germany	Hannover 96	Stindl	Germany	fifa11
Germany	Hannover 96	Lala	Albania	fifa11
Germany	Hannover 96	Forssell	Finland	fifa11
Germany	Hannover 96	Stoppelkamp	Germany	fifa11
Germany	Nurnberg	Schafer	Germany	fifa11
Germany	Nurnberg	Chandler	United States	manual-audit
Germany	Nurnberg	Maroh	Slovenia	fifa11
Germany	Nurnberg	Wolf	Germany	fifa11
Germany	Nurnberg	Pinola	Argentina	fifa11
Germany	Nurnberg	Simons	Belgium	fifa11
Germany	Nurnberg	Hegeler	Germany	fifa11
Germany	Nurnberg	Ekici	Germany	fifa11
Germany	Nurnberg	Eigler	Germany	fifa11
Germany	Nurnberg	Schieber	Germany	fifa11
Germany	Nurnberg	Mintal	Slovakia	fifa11
Germany	Nurnberg	Stephan	Germany	fifa11
Germany	Nurnberg	Kaya	Germany	fifa11
Germany	Nurnberg	Bieler	Germany	fifa11
Germany	Nurnberg	Vidosic	Australia	fifa11
Germany	Nurnberg	Judt	Kazakhstan	fifa11
Germany	Nurnberg	Pech	Czech Republic	fifa11
Germany	Nurnberg	Cohen	Israel	fifa11
Germany	Nurnberg	Correa	Brazil	fifa11
Germany	Nurnberg	Frantz	Germany	fifa11
Germany	K'lautern	Sippel	Germany	fifa11
Germany	K'lautern	Dick	Germany	fifa11
Germany	K'lautern	Damjanovic	Bosnia & Herzegovina	fifa11
Germany	K'lautern	Ilicevic	Croatia	fifa11
Germany	K'lautern	Amedick	Germany	fifa11
Germany	K'lautern	Amri	Algeria	fifa11
Germany	K'lautern	Lakic	Croatia	fifa11
Germany	K'lautern	Petsos	Greece	manual-audit
Germany	K'lautern	Kirch	Germany	fifa11
Germany	K'lautern	De Wit	Germany	fifa11
Germany	K'lautern	Tiffert	Germany	fifa11
Germany	K'lautern	Knaller	Austria	manual-audit
Germany	K'lautern	Bugera	Germany	fifa11
Germany	K'lautern	Hornig	Germany	manual-audit
Germany	K'lautern	Nemec	Slovakia	fifa11
Germany	K'lautern	Rivic	Croatia	fifa11
Germany	K'lautern	Correia	Portugal	fifa11
Germany	K'lautern	Trapp	Germany	fifa11
Germany	K'lautern	Rodnei	Brazil	fifa11
Germany	K'lautern	Bilek	Czech Republic	fifa11
Germany	St. Pauli	Kessler	Germany	fifa11
Germany	St. Pauli	Zambrano	Peru	fifa11
Germany	St. Pauli	Thorandt	Germany	fifa11
Germany	St. Pauli	Lechner	Germany	fifa11
Germany	St. Pauli	Drose-Anpen	Germany	manual-audit
Germany	St. Pauli	Eger	Germany	fifa11
Germany	St. Pauli	Gunesch	Germany	fifa11
Germany	St. Pauli	Boll	Germany	fifa11
Germany	St. Pauli	Kalla	Germany	fifa11
Germany	St. Pauli	Lehmann	Germany	fifa11
Germany	St. Pauli	Morena	Germany	fifa11
Germany	St. Pauli	Pliquett	Germany	fifa11
Germany	St. Pauli	Schultz	Germany	fifa11
Germany	St. Pauli	Asamoah	Germany	fifa11
Germany	St. Pauli	Kruse	Germany	fifa11
Germany	St. Pauli	Naki	Germany	fifa11
Germany	St. Pauli	Takyi	Germany	fifa11
Germany	St. Pauli	Sukuta-Pasu	Germany	fifa11
Germany	St. Pauli	Hennings	Germany	fifa11
Germany	St. Pauli	Ebbers	Germany	fifa11
Germany	Bayern	Sattelmaier	Germany	fifa11
Germany	Bayern	Braafheid	Netherlands	fifa11
Germany	Bayern	Alaba	Austria	fifa11
Germany	Bayern	Olic	Croatia	fifa11
Germany	Schalke 04	Schober	Germany	fifa11
Germany	Schalke 04	Matip	Cameroon	fifa11
Germany	Schalke 04	Escudero	Spain	fifa11
Germany	Schalke 04	Moritz	Germany	fifa11
Germany	Schalke 04	Gavranovic	Switzerland	fifa11
Germany	Werder	Mielitz	Germany	fifa11
Germany	Werder	Pasanen	Finland	fifa11
Germany	Werder	Borowski	Germany	fifa11
Germany	Werder	Pizarro	Peru	fifa11
Germany	Leverkusen	Balitsch	Germany	fifa11
Germany	Leverkusen	Kaplan	Turkey	fifa11
Germany	Leverkusen	Jorgensen	Denmark	fifa11
Germany	Dortmund	Langerak	Australia	fifa11
Germany	Dortmund	Dede	Brazil	fifa11
Germany	Dortmund	Feulner	Germany	fifa11
Germany	Dortmund	Le Tallec	France	fifa11
Germany	Stuttgart	Boulahrouz	Netherlands	fifa11
Germany	Stuttgart	Bah	Guinea	fifa11
Germany	Stuttgart	Funk	Germany	fifa11
Germany	Stuttgart	Bicakcic	Bosnia and Herzegovina	manual-audit
Germany	Hamburg	Drobny	Czech Republic	fifa11
Germany	Hamburg	Diekmeier	Germany	fifa11
Germany	Wolfsburg	Hitz	Switzerland	fifa11
Germany	Wolfsburg	Dejagah	Germany	fifa11
Germany	Wolfsburg	Cigerci	Turkey	fifa11
Germany	Wolfsburg	F. Johnson	Germany	fifa11
Germany	Mainz 05	Fathi	Germany	fifa11
Germany	Mainz 05	Risse	Germany	fifa11
Germany	Mainz 05	Szalai	Hungary	fifa11
Germany	Frankfurt	Vasoski	North Macedonia	fifa11
Germany	Frankfurt	Titsch-Rivero	Brazil	fifa11
Germany	Hoffenheim	Gulde	Germany	fifa11
Germany	Hoffenheim	Vukcevic	Germany	fifa11
Germany	Hoffenheim	Tagoe	Ghana	fifa11
Germany	M'gladbach	ter Stegen	Germany	fifa11
Germany	M'gladbach	Anderson	Brazil	fifa11
Germany	M'gladbach	de Camargo	Belgium	fifa11
Germany	M'gladbach	Callsen-Bracker	Germany	fifa11
Germany	Koln	Varvodic	Croatia	fifa11
Germany	Koln	Ionita	Romania	fifa11
Germany	Koln	Yabo	Germany	fifa11
Germany	Koln	Brosinski	Germany	fifa11
Germany	Freiburg	Salz	Germany	fifa11
Germany	Freiburg	Banovic	Croatia	fifa11
Germany	Freiburg	D. Williams	Germany	fifa11
Germany	Hannover 96	Zieler	Germany	fifa11
Germany	Hannover 96	Chahed	Tunisia	fifa11
Germany	Hannover 96	Rausch	Germany	fifa11
Germany	Nurnberg	Nilsson	Sweden	fifa11
Germany	Nurnberg	Mak	Slovakia	fifa11
Germany	Nurnberg	Mendler	Germany	manual-audit
Germany	Nurnberg	Plattenhardt	Germany	manual-audit
Germany	K'lautern	Abel	Germany	fifa11
Germany	K'lautern	Moravek	Czech Republic	fifa11
Germany	K'lautern	Micanski	Bulgaria	fifa11
Germany	K'lautern	Walch	Austria	fifa11
Germany	St. Pauli	Hain	Germany	fifa11
Germany	St. Pauli	Rothenbach	Germany	fifa11
Germany	St. Pauli	Daube	Germany	manual-audit
Germany	St. Pauli	Bartels	Germany	fifa11
France	Marseille	Mandanda	France	fifa11
France	Marseille	Azpilicueta	Spain	fifa11
France	Marseille	Diawara	Senegal	fifa11
France	Marseille	Heinze	Argentina	fifa11
France	Marseille	Taiwo	Nigeria	fifa11
France	Marseille	Lucho	South Korea	fifa11
France	Marseille	Mbia	Belgium	fifa11
France	Marseille	Cheyrou	France	fifa11
France	Marseille	Remy	France	fifa11
France	Marseille	Brandao	Brazil	fifa11
France	Marseille	A. Ayew	Ghana	fifa11
France	Marseille	Andrade	Brazil	fifa11
France	Marseille	J. Ayew	France	fifa11
France	Marseille	Valbuena	France	fifa11
France	Marseille	Krstic	Serbia	manual-audit
France	Marseille	Abriel	France	fifa11
France	Marseille	Kabore	Burkina Faso	fifa11
France	Marseille	Cisse	France	fifa11
France	Marseille	Gignac	France	fifa11
France	Lyon	Lloris	France	fifa11
France	Lyon	Reveillere	France	fifa11
France	Lyon	Gonalons	France	fifa11
France	Lyon	Cris	Brazil	fifa11
France	Lyon	Cissokho	France	fifa11
France	Lyon	Briand	France	fifa11
France	Lyon	Toulalan	France	fifa11
France	Lyon	Makoun	Cameroon	fifa11
France	Lyon	Gomis	France	fifa11
France	Lyon	Bastos	Brazil	fifa11
France	Lyon	Lisandro	Brazil	fifa11
France	Lyon	Vercoutre	France	fifa11
France	Lyon	Gourcuff	France	fifa11
France	Lyon	Grenier	France	fifa11
France	Lyon	Kolodziejczak	Turkey	fifa11
France	Lyon	Pjanic	Bosnia & Herzegovina	fifa11
France	Lyon	Ederson	Brazil	fifa11
France	Lyon	Lovren	Croatia	fifa11
France	Lyon	Kallstrom	Sweden	fifa11
France	Lyon	Lacazette	France	fifa11
France	Auxerre	Sorin	France	fifa11
France	Auxerre	Hengbart	France	fifa11
France	Auxerre	Coulibaly	Mali	fifa11
France	Auxerre	Mignot	France	fifa11
France	Auxerre	Grichting	Switzerland	fifa11
France	Auxerre	Pedretti	France	manual-audit
France	Auxerre	Dudka	Poland	fifa11
France	Auxerre	Chafni	Morocco	fifa11
France	Auxerre	Birsa	Slovenia	fifa11
France	Auxerre	Jelen	Poland	fifa11
France	Auxerre	Tallec	France	fifa11
France	Auxerre	Oliech	Kenya	fifa11
France	Auxerre	Riou	France	fifa11
France	Auxerre	Ndinga	Congo	fifa11
France	Auxerre	Langil	France	fifa11
France	Auxerre	Boly	France	manual-audit
France	Auxerre	Sammaritano	France	fifa11
France	Auxerre	Contout	France	fifa11
France	Auxerre	A. Traore	Burkina Faso	fifa11
France	Lille	Landreau	France	fifa11
France	Lille	Beria	France	fifa11
France	Lille	Rami	France	fifa11
France	Lille	Chedjou	Cameroon	fifa11
France	Lille	Emerson	Brazil	fifa11
France	Lille	Mavuba	France	fifa11
France	Lille	Balmont	France	fifa11
France	Lille	Cabaye	France	fifa11
France	Lille	Hazard	Belgium	fifa11
France	Lille	Gervinho	Ivory Coast	fifa11
France	Lille	Frau	France	fifa11
France	Lille	Butelle	France	fifa11
France	Lille	Sow	France	fifa11
France	Lille	Gueye	Senegal	fifa11
France	Lille	Rozehnal	Czech Republic	fifa11
France	Lille	Debuchy	France	fifa11
France	Lille	Souare	Senegal	manual-audit
France	Lille	Obraniak	Poland	fifa11
France	Lille	De Melo	Brazil	fifa11
France	Montpellier	Jourdren	France	fifa11
France	Montpellier	Jeunechamp	France	fifa11
France	Montpellier	Dzodic	Serbia	fifa11
France	Montpellier	Spahic	Bosnia & Herzegovina	fifa11
France	Montpellier	Collin	France	fifa11
France	Montpellier	Pitau	France	fifa11
France	Montpellier	Marveaux	France	fifa11
France	Montpellier	Costa	Brazil	fifa11
France	Montpellier	Dernis	France	fifa11
France	Montpellier	Kabze	Turkey	fifa11
France	Montpellier	Camara	Senegal	fifa11
France	Montpellier	Pionnier	France	manual-audit
France	Montpellier	Kaoutari	France	fifa11
France	Montpellier	Nelson	Portugal	fifa11
France	Montpellier	Yanga-Mbiwa	France	manual-audit
France	Montpellier	Giroud	France	fifa11
France	Montpellier	Belhanda	France	fifa11
France	Montpellier	Koita	France	fifa11
France	Montpellier	Estrada	Chile	fifa11
France	Montpellier	Saihi	Tunisia	fifa11
France	Bordeaux	Carrasso	France	fifa11
France	Bordeaux	Henrique	Brazil	fifa11
France	Bordeaux	Planus	France	fifa11
France	Bordeaux	Chalme	France	fifa11
France	Bordeaux	Tremoulinas	France	fifa11
France	Bordeaux	Wendel	Brazil	fifa11
France	Bordeaux	Diarra	France	fifa11
France	Bordeaux	Ben Khalfallah	Tunisia	fifa11
France	Bordeaux	Sertic	France	fifa11
France	Bordeaux	Diabate	Mali	fifa11
France	Bordeaux	Modeste	France	fifa11
France	Bordeaux	Rame	France	fifa11
France	Bordeaux	Savic	Serbia	fifa11
France	Bordeaux	Jussie	Brazil	fifa11
France	Bordeaux	Traore	Mali	fifa11
France	Bordeaux	Ciani	France	fifa11
France	Bordeaux	Gouffran	France	fifa11
France	Bordeaux	Plasil	Czech Republic	fifa11
France	Bordeaux	Bellion	France	fifa11
France	Bordeaux	Saivet	France	fifa11
France	Lorient	Audard	France	fifa11
France	Lorient	Baca	France	fifa11
France	Lorient	Bourillon	France	fifa11
France	Lorient	Kone	Ivory Coast	fifa11
France	Lorient	Lan	France	fifa11
France	Lorient	Calve	France	fifa11
France	Lorient	Romao	Togo	fifa11
France	Lorient	Mvuemba	France	fifa11
France	Lorient	Amalfitano	France	fifa11
France	Lorient	Gameiro	France	fifa11
France	Lorient	Kitambala	France	fifa11
France	Lorient	Cappone	France	fifa11
France	Lorient	Boutruche	Nigeria	fifa11
France	Lorient	Ecuele Manga	Gabon	fifa11
France	Lorient	Robert	France	fifa11
France	Lorient	Diarra	Mali	fifa11
France	Lorient	Jouffre	France	fifa11
France	Lorient	Pinard	France	manual-audit
France	Monaco	Ruffier	France	fifa11
France	Monaco	Lolo	Ivory Coast	fifa11
France	Monaco	Puygrenier	France	fifa11
France	Monaco	Mongongu	DR Congo	fifa11
France	Monaco	Traore	Mali	fifa11
France	Monaco	Nkoulou	Cameroon	manual-audit
France	Monaco	Haruna	Nigeria	fifa11
France	Monaco	Mbokani	DR Congo	fifa11
France	Monaco	Gosso	Ivory Coast	fifa11
France	Monaco	Mollo	France	fifa11
France	Monaco	Park	South Korea	fifa11
France	Monaco	Roma	Italy	fifa11
France	Monaco	Hansson	Sweden	fifa11
France	Monaco	Bonnart	France	manual-audit
France	Monaco	Niculae	Romania	fifa11
France	Monaco	Adriano	Brazil	fifa11
France	Monaco	Licata	France	fifa11
France	Monaco	Alonso	Argentina	fifa11
France	Monaco	Coutadeur	France	fifa11
France	Monaco	Malonga	France	fifa11
France	Rennes	Douchez	France	fifa11
France	Rennes	Fanni	France	fifa11
France	Rennes	Mangane	Senegal	fifa11
France	Rennes	Kana-Biyik	France	fifa11
France	Rennes	Theophile-Catherine	France	manual-audit
France	Rennes	Leroy	France	fifa11
France	Rennes	Tettey	Norway	fifa11
France	Rennes	Lemoine	France	fifa11
France	Rennes	Bangoura	Guinea	fifa11
France	Rennes	Marveaux	France	fifa11
France	Rennes	Montano	Colombia	fifa11
France	Rennes	Luzi	France	manual-audit
France	Rennes	Kembo	China PR	fifa11
France	Rennes	Dalmat	France	fifa11
France	Rennes	Doumbia	Ivory Coast	fifa11
France	Rennes	Brahimi	Algeria	manual-audit
France	Rennes	M'Vila	Spain	fifa11
France	Valenciennes	Penneteau	France	fifa11
France	Valenciennes	Mater	France	fifa11
France	Valenciennes	Bisevac	Serbia	fifa11
France	Valenciennes	Schmitz	Germany	fifa11
France	Valenciennes	Angoua	Ivory Coast	fifa11
France	Valenciennes	Saez	France	fifa11
France	Valenciennes	Sanchez	Colombia	fifa11
France	Valenciennes	Cohade	France	fifa11
France	Valenciennes	Kadir	Algeria	fifa11
France	Valenciennes	Danic	France	fifa11
France	Valenciennes	Pujol	France	fifa11
France	Valenciennes	Grondin	France	fifa11
France	Valenciennes	Samassa	Mali	fifa11
France	Valenciennes	Bong	Cameroon	fifa11
France	Valenciennes	Dossevi	France	fifa11
France	Valenciennes	Ducourtioux	France	fifa11
France	Valenciennes	Bangoura	Guinea	fifa11
France	Valenciennes	Lacourt	France	fifa11
France	Valenciennes	Khiter	France	fifa11
France	Valenciennes	Aboubakar	Cameroon	fifa11
France	Lens	Runje	Croatia	fifa11
France	Lens	Demont	France	fifa11
France	Lens	Yahia	Tunisia	fifa11
France	Lens	Chelle	Mali	fifa11
France	Lens	Ramos	Portugal	fifa11
France	Lens	Kovacevic	Serbia	fifa11
France	Lens	Hermach	Morocco	fifa11
France	Lens	Boukari	France	fifa11
France	Lens	Maoulida	France	fifa11
France	Lens	Jemaa	Tunisia	fifa11
France	Lens	Eduardo	Brazil	fifa11
France	Lens	Kasraoui	Tunisia	fifa11
France	Lens	Aurier	Ivory Coast	manual-audit
France	Lens	Sartre	France	fifa11
France	Lens	Monnet-Paquet	France	fifa11
France	Lens	Milovanovic	Serbia	manual-audit
France	Lens	Roudet	France	fifa11
France	Lens	Kapo	Brazil	fifa11
France	Lens	Veselinovic	Serbia	manual-audit
France	Lens	Sow	Mali	fifa11
France	Nancy	Gregorini	France	fifa11
France	Nancy	Chretien	Morocco	fifa11
France	Nancy	A. Luiz	Brazil	fifa11
France	Nancy	Sami	DR Congo	fifa11
France	Nancy	Lemaitre	France	fifa11
France	Nancy	Bakar	France	fifa11
France	Nancy	Diakite	France	fifa11
France	Nancy	Traore	France	fifa11
France	Nancy	Feret	France	fifa11
France	Nancy	Hadji	South Korea	fifa11
France	Nancy	Efoulou	Cameroon	fifa11
France	Nancy	Bracigliano	France	fifa11
France	Nancy	Helder	Portugal	manual-audit
France	Nancy	L. Luiz	Brazil	fifa11
France	Nancy	Cuvillier	France	fifa11
France	Nancy	Vahirua	France	fifa11
France	Nancy	N'Diaye	Senegal	manual-audit
France	Nancy	Brison	South Korea	fifa11
France	Nancy	Gunnarsson	Iceland	fifa11
France	Nancy	Correa	Argentina	fifa11
France	Paris SG	Coupet	France	fifa11
France	Paris SG	Ceara	Brazil	fifa11
France	Paris SG	Camara	France	fifa11
France	Paris SG	Sakho	France	fifa11
France	Paris SG	Armand	France	fifa11
France	Paris SG	Giuly	France	fifa11
France	Paris SG	Makelele	France	fifa11
France	Paris SG	Clement	France	fifa11
France	Paris SG	Sessegnon	Benin	fifa11
France	Paris SG	Hoarau	France	fifa11
France	Paris SG	Erding	Turkey	manual-audit
France	Paris SG	Grondin	France	fifa11
France	Paris SG	Makonda	France	manual-audit
France	Paris SG	Traore	Mali	fifa11
France	Paris SG	Chantome	France	fifa11
France	Paris SG	Luyindula	France	fifa11
France	Paris SG	Nene	Brazil	fifa11
France	Paris SG	Tiene	Ivory Coast	fifa11
France	Paris SG	Boli	France	fifa11
France	Paris SG	Bodmer	France	fifa11
France	Toulouse	Pele	France	fifa11
France	Toulouse	Congre	France	fifa11
France	Toulouse	Cetto	Argentina	fifa11
France	Toulouse	Fofana	France	fifa11
France	Toulouse	M'Bengue	Senegal	manual-audit
France	Toulouse	Capoue	France	fifa11
France	Toulouse	Braaten	Norway	fifa11
France	Toulouse	Didot	France	fifa11
France	Toulouse	Sissoko	France	fifa11
France	Toulouse	Santander	Paraguay	fifa11
France	Toulouse	Larsen	Denmark	fifa11
France	Toulouse	Blondel	France	fifa11
France	Toulouse	Abdennour	Tunisia	manual-audit
France	Toulouse	Gunino	Uruguay	fifa11
France	Toulouse	Machado	Portugal	fifa11
France	Toulouse	Devaux	France	fifa11
France	Toulouse	Pentecote	France	fifa11
France	Toulouse	Tafer	France	fifa11
France	Toulouse	Tabanou	France	fifa11
France	Toulouse	Soukouna	France	manual-audit
France	Nice	Ospina	Colombia	fifa11
France	Nice	Diakite	Mali	fifa11
France	Nice	Civelli	Argentina	fifa11
France	Nice	Quartey	Ghana	fifa11
France	Nice	Paisley	France	fifa11
France	Nice	Fae	Ivory Coast	fifa11
France	Nice	Echouafni	Morocco	manual-audit
France	Nice	Hellebuyck	France	fifa11
France	Nice	Saada	Tunisia	fifa11
France	Nice	Bagayoko	Mali	fifa11
France	Nice	Mounier	France	fifa11
France	Nice	Letizi	France	fifa11
France	Nice	Cantareil	France	fifa11
France	Nice	Digard	France	fifa11
France	Nice	Pejcinovic	Serbia	fifa11
France	Nice	Sable	France	fifa11
France	Nice	Sae	France	manual-audit
France	Nice	Edelson	Brazil	fifa11
France	Nice	Quansah	Ghana	fifa11
France	Nice	Pote	Benin	fifa11
France	Sochaux	Richert	France	fifa11
France	Sochaux	Stevanovic	Slovenia	fifa11
France	Sochaux	Faty	Senegal	fifa11
France	Sochaux	Brechet	France	fifa11
France	Sochaux	Mikari	Tunisia	fifa11
France	Sochaux	Perquis	France	fifa11
France	Sochaux	Anin	France	fifa11
France	Sochaux	Boudebouz	Algeria	fifa11
France	Sochaux	Maurice-Belay	France	fifa11
France	Sochaux	Maiga	Mali	fifa11
France	Sochaux	Ideye	Nigeria	fifa11
France	Sochaux	Nogueira	France	fifa11
France	Sochaux	Carlao	Brazil	fifa11
France	Sochaux	Jokic	Serbia	fifa11
France	Sochaux	Pitau	France	fifa11
France	Sochaux	Sauget	France	fifa11
France	Sochaux	Martin	France	fifa11
France	Sochaux	Tulasne	France	fifa11
France	Sochaux	Santos	Portugal	fifa11
France	Sochaux	Butin	France	fifa11
France	Arles	Plante	France	fifa11
France	St-Etienne	Perrin	France	fifa11
France	St-Etienne	Bayal	Senegal	manual-audit
France	St-Etienne	Ebondo	France	fifa11
France	St-Etienne	Guilavogui	France	fifa11
France	St-Etienne	Matuidi	France	fifa11
France	St-Etienne	Sako	France	fifa11
France	St-Etienne	Sanogo	Ivory Coast	fifa11
France	St-Etienne	Payet	France	fifa11
France	St-Etienne	Bergessio	Argentina	fifa11
France	St-Etienne	Coulibaly	Senegal	fifa11
France	St-Etienne	S. Marchal	France	fifa11
France	St-Etienne	Riviere	France	fifa11
France	St-Etienne	Bocanegra	United States	fifa11
France	St-Etienne	Alonso	Cuba	fifa11
France	St-Etienne	M. Marchal	France	fifa11
France	St-Etienne	Monsoreau	France	fifa11
France	St-Etienne	Nery	France	manual-audit
France	St-Etienne	Batlles	France	fifa11
France	Caen	Bosmel	France	manual-audit
France	Caen	Boucansaud	France	manual-audit
France	Caen	Gillet	Belgium	fifa11
France	Caen	Marcq	France	fifa11
France	Caen	Tafforeau	France	fifa11
France	Caen	Deroin	France	fifa11
France	Caen	Nivet	France	fifa11
France	Caen	Hamouma	France	fifa11
France	Caen	Leca	France	fifa11
France	Caen	K. Traore	Ivory Coast	fifa11
France	Caen	Nabab	Guadeloupe	manual-audit
France	Caen	Perquis	France	fifa11
France	Caen	Thebaux	France	fifa11
France	Caen	Bertoli	France	manual-audit
France	Caen	Zubar	France	fifa11
France	Caen	Seube	France	fifa11
France	Caen	Heurtaux	France	fifa11
France	Caen	Yatabare	France	fifa11
France	Caen	El-Arabi	France	fifa11
France	Caen	Traore	Ivory Coast	fifa11
France	Brest	Cappone	France	fifa11
France	Brest	Apanga	Gabon	fifa11
France	Brest	Kantari	Morocco	fifa11
France	Brest	Lorenzi	France	fifa11
France	Brest	Daf	Senegal	fifa11
France	Brest	Baysse	France	fifa11
France	Brest	Poyet	France	fifa11
France	Brest	Ferradj	France	fifa11
France	Brest	Micola	Czech Republic	fifa11
France	Brest	Toure	Guinea	fifa11
France	Brest	Soumah	France	fifa11
France	Brest	Deneuve	France	fifa11
France	Brest	Elana	France	fifa11
France	Brest	Martial	France	manual-audit
France	Brest	Ewolo	Congo	fifa11
France	Brest	Lesoimier	France	fifa11
France	Brest	Grougi	France	fifa11
France	Brest	Sissoko	France	fifa11
France	Brest	Roux	France	fifa11
France	Brest	Ayite	Togo	fifa11
France	Arles	Puydebois	France	manual-audit
France	Arles	Soro	Ivory Coast	fifa11
France	Arles	Pavon	Spain	fifa11
France	Arles	Laurenti	France	fifa11
France	Arles	Ait Ben Idir	France	fifa11
France	Arles	Meriem	France	fifa11
France	Arles	Ndiaye	Senegal	manual-audit
France	Arles	Ayasse	France	fifa11
France	Arles	Piocelle	France	fifa11
France	Arles	Charisteas	Greece	fifa11
France	Arles	Djedje	France	fifa11
France	Arles	Loutre	France	manual-audit
France	Arles	Maire	France	manual-audit
France	Arles	Mejia	Spain	fifa11
France	Arles	Germain	France	manual-audit
France	Arles	Correia	Portugal	fifa11
France	Arles	K. Diawara	Guinea	fifa11
France	Arles	Diarra	Mali	fifa11
France	Arles	Ghilas	Algeria	fifa11
France	Arles	Hubert	Belgium	fifa11
France	Marseille	Hilton	Brazil	fifa11
France	Marseille	N'Diaye	Senegal	manual-audit
France	Marseille	Sabo	France	fifa11
France	Marseille	Gnabouyou	France	manual-audit
France	Lyon	Diakhate	Senegal	fifa11
France	Lyon	Pied	France	fifa11
France	Lyon	Delgado	Argentina	fifa11
France	Lyon	Gassama	France	fifa11
France	Auxerre	Berthod	France	fifa11
France	Auxerre	Quercia	France	fifa11
France	Lille	Mouko	Congo	fifa11
France	Lille	Vandam	France	manual-audit
France	Lille	Dumont	France	fifa11
France	Montpellier	Bocaly	France	fifa11
France	Montpellier	Ait-Fana	France	fifa11
France	Montpellier	Stambouli	France	fifa11
France	Bordeaux	Keita	Norway	fifa11
France	Bordeaux	Sane	France	fifa11
France	Bordeaux	Marange	France	fifa11
France	Lorient	Lecomte	France	manual-audit
France	Lorient	Autret	France	fifa11
France	Lorient	Coquelin	France	fifa11
France	Monaco	Muratori	France	fifa11
France	Monaco	N. Mendy	Senegal	fifa11
France	Monaco	Bulot	Gabon	manual-audit
France	Rennes	Diallo	Mali	fifa11
France	Rennes	Boye	Ghana	fifa11
France	Rennes	Mandjeck	Cameroon	fifa11
France	Rennes	Jebbour	Algeria	fifa11
France	Valenciennes	Leca	France	fifa11
France	Valenciennes	Isimat-Mirin	France	manual-audit
France	Valenciennes	Gomis	Senegal	fifa11
France	Lens	Queudrue	France	manual-audit
France	Lens	Akale	Ivory Coast	fifa11
France	Lens	Joseph-Monrose	France	fifa11
France	Nancy	Berenguer	France	fifa11
France	Nancy	Jeannot	France	fifa11
France	Paris SG	Edel	Armenia	fifa11
France	Paris SG	Jallet	France	fifa11
France	Paris SG	Bahebeck	Germany	fifa11
France	Toulouse	Ahamada	France	manual-audit
France	Toulouse	Akpa Akpro	Brazil	fifa11
France	Toulouse	Regattin	Morocco	manual-audit
France	Nice	Traore	Mali	fifa11
France	Nice	Ljuboja	Serbia	fifa11
France	Sochaux	Dreyer	France	fifa11
France	Sochaux	Poujol	France	manual-audit
France	St-Etienne	Janot	France	fifa11
France	St-Etienne	Andreu	France	fifa11
France	St-Etienne	Landrin	France	fifa11
France	Caen	Raineau	France	manual-audit
France	Caen	Moulin	China PR	fifa11
France	Caen	M. Niang	Senegal	fifa11
France	Brest	Licka	Czech Republic	fifa11
France	Brest	Bigne	France	fifa11
France	Arles	Balde	Guinea	fifa11
France	Arles	Kermorgant	France	fifa11
France	Arles	Cabella	Spain	fifa11
