club	player
Sturm Graz	Mario Klem
Neftçi PFK	Mahir Shukurov
Neftçi PFK	Flavinho
Neftçi PFK	Rodriguinho
Neftçi PFK	Elmar Bakhshiyev
Qarabağ FK	Sahil Kerimov
Qarabağ FK	Rashad Sadygov
Qarabağ FK	Aftandil Hajiyev
Qarabağ FK	Ilgar Gurbanov
Qarabağ FK	Devran Ayhan
Qarabağ FK	Nderim Nexhipi
Qarabağ FK	Tural Isgandarov
BATE Borisov	Aleksandr Gutor
BATE Borisov	Roman Stepanov
BATE Borisov	Maksim Bordachev
BATE Borisov	Pavel Nekhaychik
BATE Borisov	Aleksandr Volodko
BATE Borisov	Aleksandr Karnitskiy
BATE Borisov	Vitali Rodionov
BATE Borisov	Artem Kontsevoy
Dinamo Minsk	Aleksandar Čanović
Dinamo Minsk	Andrey Gorbunov
Dinamo Minsk	Vitaliy Marakhovskiy
Dinamo Minsk	Dmitriy Molosh
Dinamo Minsk	Oleg Veretilo
Dinamo Minsk	Mikhail Afanasyev
Dinamo Minsk	Vyacheslav Hleb
Dinamo Minsk	Sergey Kislyak
Dinamo Minsk	Anton Matveenko
Dinamo Minsk	Leonid Kovel
Dinamo Minsk	Rafael Ledesma
Dinamo Minsk	Robert Zebelyan
KSC Lokeren	Benjamin Mokulu
KSC Lokeren	Katuku Tshimanga
CSKA Sofia	Blagoy Makendzhiev
CSKA Sofia	Dimitar Iliev
Levski Sofia	Michael Tawiah
Ludogorets Razgrad	Miroslav Grigorov
Ludogorets Razgrad	Uroš Golubović
Ludogorets Razgrad	Radoslav Anev
Ludogorets Razgrad	Daniel Gramatikov
Ludogorets Razgrad	Grigor Georgiev
Ludogorets Razgrad	Diyan Dimov
Ludogorets Razgrad	Nikolay Dyulgerov
Ludogorets Razgrad	Hristo Nikolov
Ludogorets Razgrad	Suvad Grabus
Ludogorets Razgrad	Ivan Stoyanov
Litex Lovech	Ilko Pirgov
Litex Lovech	Wellington Brito da Silva
HNK Rijeka	Dino Raspor
HNK Rijeka	Vlade Lazarevski
HNK Rijeka	Alen Pamić
HNK Rijeka	Vedran Turkalj
Hajduk Split	Ivan Jakov Džoni
AEK Larnaca	Alexandre Negri
AEK Larnaca	Marios Nicolaou
AEK Larnaca	Murat Akın
AEK Larnaca	Gonzalo García
AEK Larnaca	Miljan Mrdaković
AEK Larnaca	Nordin Wooter
AEK Larnaca	Ander Murillo
AEK Larnaca	David Català
AEK Larnaca	Héctor Martínez
APOEL	Marcelo Oliveira
APOEL	Constantinos Charalambides
APOEL	Marcin Żewłakow
Apollon Limassol	Sofronis Avgousti
Apollon Limassol	Bruno Vale
Apollon Limassol	Bruno Luz
Apollon Limassol	Giorgos Merkis
Apollon Limassol	Marios Stylianou
Apollon Limassol	Gastón Sangoy
Apollon Limassol	Haris Handžić
Apollon Limassol	Camel Meriem
Apollon Limassol	Nuno Lopes
Apollon Limassol	Costas Maris
Apollon Limassol	Jatto Ceesay
Apollon Limassol	Richard Kingson
Omonia Nicosia	Stefanos Kotsolis
Omonia Nicosia	Georgios Loizou
Omonia Nicosia	Rasheed Alabi
Anorthosis Famagusta	Gavriil Konstantinou
Anorthosis Famagusta	Nikolas Asprogenous
Anorthosis Famagusta	Hawar Mulla Mohammed
Anorthosis Famagusta	Semedo
Anorthosis Famagusta	Andreas Makris
Sparta Praha	Bony Wilfried
Viktoria Plzeň	Antonín Presl
FK Jablonec	Tomáš Čížek
FK Jablonec	Jiří Valenta
Esbjerg fB	Kevin Bechmann Timm
HJK Helsinki	Ville Wallén
HJK Helsinki	Cheyne Fowler
HJK Helsinki	Medo
HJK Helsinki	Berat Sadik
AEK Athens	Giorgos Manolas
Aris Thessaloniki	Michal Peškovič
Aris Thessaloniki	Sakata Daisuke
Asteras Tripolis	Ximo Navarro
Asteras Tripolis	Fernando Usero
Asteras Tripolis	Frédéric Nimani
Asteras Tripolis	Daniel Césarec
Asteras Tripolis	Emmanuel Perrone
Asteras Tripolis	Lucio Filomeno
Asteras Tripolis	Rayo
Debreceni VSC	László Bodnár
Debreceni VSC	Zoltán Szélesi
Debreceni VSC	Yannick Mbengono
Ferencváros	Levente Jova
Ferencváros	József Tóth
Shamrock Rovers	Aidan Price
Shamrock Rovers	Chris Turner
Shamrock Rovers	Stephen Rice
Shamrock Rovers	Thomas Stewart
Shamrock Rovers	Pat Flynn
Shamrock Rovers	Patrick Sullivan
Shamrock Rovers	Robert Bayly
Shamrock Rovers	Sean O'Connor
Shamrock Rovers	Aidan Downes
Shamrock Rovers	Dessie Baker
Shamrock Rovers	Stephen Bradley
Hapoel Tel Aviv	Itamar Nitzan
Hapoel Tel Aviv	Roei Gordana
Maccabi Haifa	Ali Ottman
Maccabi Tel Aviv	Guy Solomon
Maccabi Tel Aviv	Avi Strool
Maccabi Tel Aviv	Dor Micha
Maccabi Tel Aviv	Moshe Logasi
Sheriff Tiraspol	Benjamin Balima
Sheriff Tiraspol	Alexandru Suvorov
Sheriff Tiraspol	Marko Đalović
Sheriff Tiraspol	Fred Benson
Sheriff Tiraspol	Stanislav Ivanov
Sheriff Tiraspol	Mahamadou Traoré
NEC Nijmegen	Adnan Secerovic
Rosenborg BK	Bakary Sare
Tromsø IL	Thomas Drage
Vålerenga	Mostafa Abdellaoue
Lech Poznań	Sergei Krivets
CD Nacional	Bracalli
CS Marítimo	Baba Diawara
CS Marítimo	Marquinho
Estoril Praia	Mário Matos
Estoril Praia	Cléber
Estoril Praia	Lameirão
Estoril Praia	Filipe da Costa
Estoril Praia	Vinícius Reche
Estoril Praia	Alex Afonso
Estoril Praia	Marco Silva
Estoril Praia	Tiago Gomes
Estoril Praia	André Castro
Estoril Praia	Jefferson
Estoril Praia	Luís Carlos
Estoril Praia	Licá
Paços de Ferreira	Ricardo Dias
Paços de Ferreira	William
Rio Ave	Tiago Targino
Rio Ave	Kelvin
Vitória Setúbal	Ricardo Batista
Vitória Setúbal	Joãozinho
Vitória Setúbal	Zé Pedro
Vitória Setúbal	Leandro Branco
Astra Ploiești	Silviu Lung Jr.
Astra Ploiești	Miron
Astra Ploiești	Ovidiu Mihalache
Astra Ploiești	Florin Lovin
Astra Ploiești	Nicolae Grigore
Astra Ploiești	Gabriel Enache
Astra Ploiești	Fatai Kehinde
Astra Ploiești	Mirko Ivanovski
Astra Ploiești	Bogdan Chipirliu
Astra Ploiești	Marian Cristescu
Oțelul Galați	Cornel Cernea
Oțelul Galați	Marius Matei
Oțelul Galați	Cristian Ochiroșii
Rapid București	Dan Alexa
FC Timișoara	Cosmin Contra
FC Timișoara	Ioan Mera
FC Timișoara	Cristian Scutaru
FC Timișoara	Marian Cisovsky
FC Timișoara	Alexandru Curtean
FC Timișoara	Dare Vršič
FC Timișoara	Lukáš Magera
FC Timișoara	Mansour Gueye
FC Timișoara	Alexandru Popovici
FC Timișoara	Adrian Poparadu
FC Timișoara	Cosmin Matei
SC Vaslui	Genchev
Anzhi Makhachkala	Zurabi Arziani
Anzhi Makhachkala	Magomed Magomedov
Anzhi Makhachkala	Eldar Nizamutdinov
FC Krasnodar	Aleksandr Amisulashvili
FC Krasnodar	Aleksandr Kulchiy
FC Krasnodar	Yura Movsisyan
FC Krasnodar	Marcos Pizzelli
FC Krasnodar	Vladimir Tatarchuk Jr.
FC Krasnodar	Andrey Mikhaylov
FC Krasnodar	Marcio Abreu
FC Krasnodar	Wanderson
FC Krasnodar	Vladimir Koman
Kuban Krasnodar	Aleksandr Belenov
Kuban Krasnodar	Aleksey Kozlov
Kuban Krasnodar	Lacina Traoré
Kuban Krasnodar	Sergei Davydov
Kuban Krasnodar	Aleksandr Kasaev
Kuban Krasnodar	Dmitri Khomich
Kuban Krasnodar	Denis Zubko
Rubin Kazan	Bibras Natkho
Spartak Moscow	Ari
Spartak Moscow	Aleks
Spartak Moscow	Rafael Carioca
Rangers	Andrew Webster
Rangers	Steven Smith
Heart of Midlothian	Jason Thomson
Red Star Belgrade	Marko Dmitrović
Slovan Bratislava	Martin Šebo
Slovan Bratislava	Lester Peltier
Slovan Bratislava	Róbert Vittek
NK Maribor	Jasmin Handanović
NK Maribor	Arghus
NK Maribor	Dejan Trajkovski
NK Maribor	Martin Milec
NK Maribor	Etien Velikonja
NK Maribor	Agim Ibraimi
NK Maribor	Nejc Potokar
AIK	Daniel Örlund
AIK	Teteh Bangura
FC St. Gallen	Moreno Merenda
FC Thun	Nelson Ferreira
FC Thun	Marco Aratore
Lausanne-Sport	Abdoulaye Ba
Lausanne-Sport	Stéphane Nater
Lausanne-Sport	Moustapha Tall
Lausanne-Sport	Yannis Tafer
Lausanne-Sport	Yves Miéville
Lausanne-Sport	Raphaël Khelifi
Lausanne-Sport	Gaëtan Karlen
FC Sion	Serey Die
FC Sion	Moustapha Dabo
Trabzonspor	Jajá Coelho
Dynamo Kyiv	Yussuf Ayila
Karpaty Lviv	Andriy Tlumak
Karpaty Lviv	Ivan Milošević
Karpaty Lviv	Nemanja Tubić
Karpaty Lviv	Andriy Tkachuk
Karpaty Lviv	Oleg Golodyuk
Karpaty Lviv	Mikhail Kopolovets
Karpaty Lviv	Lucas Pérez
Karpaty Lviv	Batista
Karpaty Lviv	Sergei Kuznetsov
Karpaty Lviv	William Rocha
Karpaty Lviv	Danilo Avelar
Vorskla Poltava	Pavlo Rebenok
Vorskla Poltava	Ivan Kryvosheienko
Vorskla Poltava	Serhiy Zakarlyuka
